{"chunks": [{"relative_position": {"y": 1.6278610229492188, "x": -0.31355762481689453, "z": 0.6884765625}, "name": "Glass_31_0"}, {"relative_position": {"y": -1.6441364288330078, "x": 0.0019559860229492188, "z": 0.0222625732421875}, "name": "Glass_31_1"}, {"relative_position": {"y": -0.15378570556640625, "x": -0.45763587951660156, "z": 0.91937255859375}, "name": "Glass_31_2"}, {"relative_position": {"y": 1.2451038360595703, "x": 0.35428428649902344, "z": -0.7737503051757812}, "name": "Glass_31_3"}]}