{"chunks": [{"relative_position": {"y": -0.0181121826171875, "x": 0.21109771728515625, "z": 0.4336700439453125}, "name": "StairsStep_212_0"}, {"relative_position": {"y": 0.010547637939453125, "x": 1.654876708984375, "z": -0.058380126953125}, "name": "StairsStep_212_1"}, {"relative_position": {"y": -0.07551956176757812, "x": -0.282440185546875, "z": -0.35077667236328125}, "name": "StairsStep_212_2"}, {"relative_position": {"y": 0.010547637939453125, "x": -1.6706085205078125, "z": -0.03984832763671875}, "name": "StairsStep_212_3"}]}