{"chunks": [{"relative_position": {"y": -0.07481765747070312, "x": 1.8171100616455078, "z": -0.011432647705078125}, "name": "StairsStep_214_0"}, {"relative_position": {"y": 0.016529083251953125, "x": 0.40949440002441406, "z": -0.5064220428466797}, "name": "StairsStep_214_1"}, {"relative_position": {"y": -0.011547088623046875, "x": -1.5656204223632812, "z": 0.05562782287597656}, "name": "StairsStep_214_2"}, {"relative_position": {"y": 0.034221649169921875, "x": 2.2211036682128906, "z": 0.12643814086914062}, "name": "StairsStep_214_3"}]}