{"chunks": [{"relative_position": {"y": -0.00510406494140625, "x": -1.8583297729492188, "z": 0.0609283447265625}, "name": "StairsStep_157_0"}, {"relative_position": {"y": -0.005115509033203125, "x": 1.6070785522460938, "z": 0.04083251953125}, "name": "StairsStep_157_1"}, {"relative_position": {"y": 0.01810455322265625, "x": -0.634735107421875, "z": -0.43076324462890625}, "name": "StairsStep_157_2"}, {"relative_position": {"y": 0.0863800048828125, "x": 0.228790283203125, "z": 0.35172271728515625}, "name": "StairsStep_157_3"}]}