{"chunks": [{"relative_position": {"y": -1.1429977416992188, "x": 1.3811187744140625, "z": 0.02241802215576172}, "name": "Window_7_3_0"}, {"relative_position": {"y": -1.1994857788085938, "x": -1.0493927001953125, "z": -0.0014667510986328125}, "name": "Window_7_3_1"}, {"relative_position": {"y": 1.5336761474609375, "x": -0.1812286376953125, "z": 0.00780487060546875}, "name": "Window_7_3_2"}, {"relative_position": {"y": 0.5508270263671875, "x": 1.2785186767578125, "z": -0.012768745422363281}, "name": "Window_7_3_3"}]}