{"chunks": [{"relative_position": {"z": 0.01132965087890625, "x": 0.950531005859375, "y": -0.0005207061767578125}, "name": "Barrier_101_0"}, {"relative_position": {"z": 0.01250457763671875, "x": -0.7752685546875, "y": -0.6019458770751953}, "name": "Barrier_101_1"}, {"relative_position": {"z": 0.1114959716796875, "x": -0.92529296875, "y": -0.00115203857421875}, "name": "Barrier_101_2"}, {"relative_position": {"z": 0.01250457763671875, "x": -0.774139404296875, "y": 0.6017742156982422}, "name": "Barrier_101_3"}]}