{"chunks": [{"relative_position": {"z": 0.9727344512939453, "x": -0.006246030330657959, "y": -0.1039886474609375}, "name": "Barrier_206_0"}, {"relative_position": {"z": -0.5548620223999023, "x": -0.00744551420211792, "y": -0.6992340087890625}, "name": "Barrier_206_1"}, {"relative_position": {"z": 0.3595600128173828, "x": -0.08606255054473877, "y": -0.6955795288085938}, "name": "Barrier_206_2"}, {"relative_position": {"z": -0.5922002792358398, "x": -0.011022329330444336, "y": 0.6109466552734375}, "name": "Barrier_206_3"}]}