{"chunks": [{"relative_position": {"y": -0.007473468780517578, "x": 0.2493896484375, "z": -1.0377197265625}, "name": "StairsStep_13_0"}, {"relative_position": {"y": 0.0054187774658203125, "x": -0.8885574340820312, "z": 0.9717254638671875}, "name": "StairsStep_13_1"}, {"relative_position": {"y": -0.05075359344482422, "x": -0.30217742919921875, "z": 1.2305145263671875}, "name": "StairsStep_13_2"}, {"relative_position": {"y": 0.0054187774658203125, "x": 0.33606719970703125, "z": 1.2830047607421875}, "name": "StairsStep_13_3"}]}