{"chunks": [{"relative_position": {"y": 0.008967757225036621, "x": 0.8243255615234375, "z": -0.8350982666015625}, "name": "StairsStep_18_0"}, {"relative_position": {"y": 0.008968472480773926, "x": -0.41527557373046875, "z": -1.0966796875}, "name": "StairsStep_18_1"}, {"relative_position": {"y": 0.00747370719909668, "x": -0.16845703125, "z": 1.05377197265625}, "name": "StairsStep_18_2"}, {"relative_position": {"y": 0.0672600269317627, "x": -0.0965423583984375, "z": -0.1531982421875}, "name": "StairsStep_18_3"}]}