{"chunks": [{"relative_position": {"y": 1.4450302124023438, "x": -0.0449676513671875, "z": -1.4492950439453125}, "name": "Glass_84_2_0"}, {"relative_position": {"y": -3.2802734375, "x": 0.0266265869140625, "z": 1.4316558837890625}, "name": "Glass_84_2_1"}, {"relative_position": {"y": 0.0076751708984375, "x": 0.04615020751953125, "z": 0.6376152038574219}, "name": "Glass_84_2_2"}, {"relative_position": {"y": 3.4971923828125, "x": -0.02324676513671875, "z": -1.2789039611816406}, "name": "Glass_84_2_3"}]}