{"chunks": [{"relative_position": {"y": -1.3142929077148438, "x": 0.03038787841796875, "z": 0.3758049011230469}, "name": "Glass_84_6_10_0"}, {"relative_position": {"y": -1.0684356689453125, "x": -0.0256805419921875, "z": -1.2668800354003906}, "name": "Glass_84_6_10_1"}, {"relative_position": {"y": 0.92803955078125, "x": -0.02162933349609375, "z": 0.8500595092773438}, "name": "Glass_84_6_10_2"}, {"relative_position": {"y": 1.7186660766601562, "x": 0.02149200439453125, "z": -0.06580352783203125}, "name": "Glass_84_6_10_3"}]}