{"chunks": [{"relative_position": {"y": 0.6659774780273438, "x": -0.02231597900390625, "z": -0.5067863464355469}, "name": "Glass_84_1_8_0"}, {"relative_position": {"y": -0.9871940612792969, "x": -0.002777099609375, "z": 0.028385162353515625}, "name": "Glass_84_1_8_1"}, {"relative_position": {"y": 0.8873977661132812, "x": -0.01898956298828125, "z": 0.23553848266601562}, "name": "Glass_84_1_8_2"}, {"relative_position": {"y": -0.06558609008789062, "x": -0.1005859375, "z": 0.008209228515625}, "name": "Glass_84_1_8_3"}]}