{"chunks": [{"relative_position": {"y": 0.21036529541015625, "x": 0.00084686279296875, "z": -0.697540283203125}, "name": "Glass_84_5_3_0"}, {"relative_position": {"y": -1.665985107421875, "x": -0.02136993408203125, "z": 0.11724853515625}, "name": "Glass_84_5_3_1"}, {"relative_position": {"y": 0.28969573974609375, "x": 0.019378662109375, "z": 0.81451416015625}, "name": "Glass_84_5_3_2"}, {"relative_position": {"y": 1.1275558471679688, "x": -0.00154876708984375, "z": -0.28308868408203125}, "name": "Glass_84_5_3_3"}]}