{"chunks": [{"relative_position": {"y": -0.6414451599121094, "x": 0.0789794921875, "z": -0.9493026733398438}, "name": "Glass_84_4_4_0"}, {"relative_position": {"y": 0.6512794494628906, "x": -0.01645660400390625, "z": -1.1812362670898438}, "name": "Glass_84_4_4_1"}, {"relative_position": {"y": -2.0947647094726562, "x": -0.0139617919921875, "z": 0.5402412414550781}, "name": "Glass_84_4_4_2"}, {"relative_position": {"y": 1.6973953247070312, "x": 0.0086517333984375, "z": 0.5971565246582031}, "name": "Glass_84_4_4_3"}]}