{"chunks": [{"relative_position": {"y": 0.9880447387695312, "x": 0.018096923828125, "z": 0.05980682373046875}, "name": "Glass_84_5_2_0"}, {"relative_position": {"y": -0.6930160522460938, "x": 0.0062713623046875, "z": 0.23095703125}, "name": "Glass_84_5_2_1"}, {"relative_position": {"y": 0.390228271484375, "x": -0.00940704345703125, "z": -0.6181411743164062}, "name": "Glass_84_5_2_2"}, {"relative_position": {"y": -0.04827117919921875, "x": 0.04520416259765625, "z": -0.4878387451171875}, "name": "Glass_84_5_2_3"}]}