{"chunks": [{"relative_position": {"y": 0.005798816680908203, "x": 0.9934463500976562, "z": 0.4744110107421875}, "name": "StairsStep_23_0"}, {"relative_position": {"y": 0.00482940673828125, "x": -0.21962738037109375, "z": -1.2597503662109375}, "name": "StairsStep_23_1"}, {"relative_position": {"y": 0.008966922760009766, "x": -0.250732421875, "z": 1.0765228271484375}, "name": "StairsStep_23_2"}, {"relative_position": {"y": 0.06944417953491211, "x": 0.09680938720703125, "z": -0.8657989501953125}, "name": "StairsStep_23_3"}]}