{"chunks": [{"relative_position": {"y": -0.003597259521484375, "x": 1.0533370971679688, "z": 0.4114990234375}, "name": "StairsStep_31_0"}, {"relative_position": {"y": -0.0030393600463867188, "x": -1.1039581298828125, "z": 0.1580963134765625}, "name": "StairsStep_31_1"}, {"relative_position": {"y": 0.05370903015136719, "x": -0.04456329345703125, "z": 0.53961181640625}, "name": "StairsStep_31_2"}, {"relative_position": {"y": 0.008941650390625, "x": 0.7712860107421875, "z": -0.882904052734375}, "name": "StairsStep_31_3"}]}