{"chunks": [{"relative_position": {"y": 0.0181121826171875, "x": -0.32592010498046875, "z": 0.4699859619140625}, "name": "StairsStep_110_0"}, {"relative_position": {"y": 0.00861358642578125, "x": 1.622344970703125, "z": -0.01839447021484375}, "name": "StairsStep_110_1"}, {"relative_position": {"y": 0.00861358642578125, "x": -1.7294902801513672, "z": -0.05974578857421875}, "name": "StairsStep_110_2"}, {"relative_position": {"y": 0.11383819580078125, "x": 0.22846221923828125, "z": -0.29412078857421875}, "name": "StairsStep_110_3"}]}