{"chunks": [{"relative_position": {"y": 2.2490005493164062, "x": 1.8926162719726562, "z": 2.7622499465942383}, "name": "Window_118_0"}, {"relative_position": {"y": -0.9058685302734375, "x": -0.6946640014648438, "z": -2.9105663299560547}, "name": "Window_118_1"}, {"relative_position": {"y": -0.8292465209960938, "x": -0.7232513427734375, "z": 3.488816261291504}, "name": "Window_118_2"}, {"relative_position": {"y": 2.4147720336914062, "x": 1.932525634765625, "z": -2.78216552734375}, "name": "Window_118_3"}]}