{"chunks": [{"relative_position": {"y": -0.014495849609375, "x": 1.5714130401611328, "z": -0.2666187286376953}, "name": "StairsStep_98_0"}, {"relative_position": {"y": -0.10870361328125, "x": -0.05147743225097656, "z": 0.09164810180664062}, "name": "StairsStep_98_1"}, {"relative_position": {"y": -0.014501571655273438, "x": 1.5045337677001953, "z": 0.4498748779296875}, "name": "StairsStep_98_2"}, {"relative_position": {"y": -0.0120849609375, "x": -1.548583984375, "z": 0.024631500244140625}, "name": "StairsStep_98_3"}]}