{"chunks": [{"relative_position": {"y": -0.0064239501953125, "x": -0.900209903717041, "z": 1.0190505981445312}, "name": "Exhibition_19.001_0"}, {"relative_position": {"y": -0.04816436767578125, "x": 0.09032964706420898, "z": 0.20618438720703125}, "name": "Exhibition_19.001_1"}, {"relative_position": {"y": -0.00641632080078125, "x": -1.2368764877319336, "z": -0.49737548828125}, "name": "Exhibition_19.001_2"}, {"relative_position": {"y": -0.00534820556640625, "x": 1.4861478805541992, "z": 0.054210662841796875}, "name": "Exhibition_19.001_3"}]}