{"chunks": [{"relative_position": {"y": -0.4052009582519531, "x": 1.003509521484375, "z": -0.0004425048828125}, "name": "ElevatorWall_2_3_0"}, {"relative_position": {"y": -0.38915252685546875, "x": -1.1127471923828125, "z": 0.028533935546875}, "name": "ElevatorWall_2_3_1"}, {"relative_position": {"y": 0.8031158447265625, "x": -0.0892791748046875, "z": 6.103515625e-05}, "name": "ElevatorWall_2_3_2"}, {"relative_position": {"y": 0.4446983337402344, "x": -0.7054443359375, "z": -0.1402130126953125}, "name": "ElevatorWall_2_3_3"}]}