{"chunks": [{"relative_position": {"y": -1.2550201416015625, "x": 0.012420654296875, "z": -0.8408966064453125}, "name": "Window_45_3_0"}, {"relative_position": {"y": -0.5160140991210938, "x": -0.006103515625, "z": 1.0028839111328125}, "name": "Window_45_3_1"}, {"relative_position": {"y": 1.00628662109375, "x": 0.0159912109375, "z": 0.6934700012207031}, "name": "Window_45_3_2"}, {"relative_position": {"y": -0.3929290771484375, "x": -0.0057525634765625, "z": -1.3666877746582031}, "name": "Window_45_3_3"}]}