{"chunks": [{"relative_position": {"y": -0.008968353271484375, "x": 1.13543701171875, "z": -0.295501708984375}, "name": "StairsStep_42_0"}, {"relative_position": {"y": -0.010602951049804688, "x": -1.2976608276367188, "z": -0.24365234375}, "name": "StairsStep_42_1"}, {"relative_position": {"y": 0.008953094482421875, "x": 0.755950927734375, "z": 0.8983612060546875}, "name": "StairsStep_42_2"}, {"relative_position": {"y": 0.023145675659179688, "x": -0.8835601806640625, "z": -0.6278076171875}, "name": "StairsStep_42_3"}]}