{"chunks": [{"relative_position": {"y": -0.0043888092041015625, "x": 1.1770782470703125, "z": 0.0399932861328125}, "name": "StairsStep_22_0"}, {"relative_position": {"y": -0.06707096099853516, "x": 0.05853271484375, "z": -0.605865478515625}, "name": "StairsStep_22_1"}, {"relative_position": {"y": -0.008959770202636719, "x": 0.35155487060546875, "z": 1.050018310546875}, "name": "StairsStep_22_2"}, {"relative_position": {"y": -0.003643035888671875, "x": -0.7127838134765625, "z": -0.8826141357421875}, "name": "StairsStep_22_3"}]}