{"chunks": [{"relative_position": {"y": -0.28340911865234375, "x": 0.0156402587890625, "z": 0.780426025390625}, "name": "Tape_2_0"}, {"relative_position": {"y": -0.02523040771484375, "x": 0.0313720703125, "z": -1.9685821533203125}, "name": "Tape_2_1"}, {"relative_position": {"y": -0.24695587158203125, "x": -0.054718017578125, "z": -1.15081787109375}, "name": "Tape_2_2"}, {"relative_position": {"y": 0.116363525390625, "x": -0.002288818359375, "z": 2.5944290161132812}, "name": "Tape_2_3"}]}