{"chunks": [{"relative_position": {"y": 0.018114089965820312, "x": 0.7197799682617188, "z": -0.4364051818847656}, "name": "StairsStep_168_0"}, {"relative_position": {"y": 0.0006389617919921875, "x": -1.594818115234375, "z": 0.03780364990234375}, "name": "StairsStep_168_1"}, {"relative_position": {"y": 0.0006389617919921875, "x": 1.9098739624023438, "z": 0.06125640869140625}, "name": "StairsStep_168_2"}, {"relative_position": {"y": 0.09788703918457031, "x": -0.21608734130859375, "z": 0.3418388366699219}, "name": "StairsStep_168_3"}]}