{"chunks": [{"relative_position": {"z": 0.011043548583984375, "x": 0.6185684204101562, "y": 0.5965423583984375}, "name": "Barrier_169_0"}, {"relative_position": {"z": -0.00272369384765625, "x": 0.6667518615722656, "y": -0.7064437866210938}, "name": "Barrier_169_1"}, {"relative_position": {"z": 0.06911849975585938, "x": -0.16895294189453125, "y": -0.7106857299804688}, "name": "Barrier_169_2"}, {"relative_position": {"z": -0.002269744873046875, "x": -0.9534797668457031, "y": -0.1079864501953125}, "name": "Barrier_169_3"}]}