{"chunks": [{"relative_position": {"y": 0.19235992431640625, "x": -0.0240631103515625, "z": -0.33603668212890625}, "name": "Window_11_0_0"}, {"relative_position": {"y": -0.2967681884765625, "x": 0.005859375, "z": 0.02867889404296875}, "name": "Window_11_0_1"}, {"relative_position": {"y": -1.0633697509765625, "x": 0.0017547607421875, "z": -1.5692367553710938}, "name": "Window_11_0_2"}, {"relative_position": {"y": 0.979705810546875, "x": 0.00396728515625, "z": 1.3935432434082031}, "name": "Window_11_0_3"}]}