{"chunks": [{"relative_position": {"y": -0.10868453979492188, "x": 0.0081024169921875, "z": 0.0969696044921875}, "name": "StairsStep_134_0"}, {"relative_position": {"y": -0.014514923095703125, "x": -0.3758735656738281, "z": -1.5209884643554688}, "name": "StairsStep_134_1"}, {"relative_position": {"y": -0.012096405029296875, "x": 0.00283050537109375, "z": 1.5553741455078125}, "name": "StairsStep_134_2"}, {"relative_position": {"y": -0.014514923095703125, "x": 0.3521156311035156, "z": -1.5275955200195312}, "name": "StairsStep_134_3"}]}