{"chunks": [{"relative_position": {"y": -0.0031280517578125, "x": 1.1686019897460938, "z": 0.0259246826171875}, "name": "Window_40_5_0"}, {"relative_position": {"y": -1.27874755859375, "x": -0.19760894775390625, "z": -0.0044097900390625}, "name": "Window_40_5_1"}, {"relative_position": {"y": -0.7188873291015625, "x": -1.6878280639648438, "z": 0.02069091796875}, "name": "Window_40_5_2"}, {"relative_position": {"y": 1.1586456298828125, "x": 1.474395751953125, "z": -0.008975982666015625}, "name": "Window_40_5_3"}]}