{"chunks": [{"relative_position": {"y": 1.2696304321289062, "x": -0.0458984375, "z": 0.002941131591796875}, "name": "Window_40_11_0"}, {"relative_position": {"y": -0.22786712646484375, "x": -0.98193359375, "z": 0.036251068115234375}, "name": "Window_40_11_1"}, {"relative_position": {"y": -0.7881240844726562, "x": 0.516937255859375, "z": 0.001270294189453125}, "name": "Window_40_11_2"}, {"relative_position": {"y": 0.331329345703125, "x": 0.5067291259765625, "z": 0.033077239990234375}, "name": "Window_40_11_3"}]}