{"chunks": [{"relative_position": {"y": 1.9950447082519531, "x": 3.6826858520507812, "z": -0.013599395751953125}, "name": "Glass_4_0"}, {"relative_position": {"y": 0.012786865234375, "x": -4.533592224121094, "z": -0.01134490966796875}, "name": "Glass_4_1"}, {"relative_position": {"y": -2.6277732849121094, "x": 2.8597869873046875, "z": 0.013584136962890625}, "name": "Glass_4_2"}, {"relative_position": {"y": 2.900157928466797, "x": -1.4227142333984375, "z": 0.016979217529296875}, "name": "Glass_4_3"}]}