{"chunks": [{"relative_position": {"y": -0.1886444091796875, "x": 0.4116477966308594, "z": -0.11424636840820312}, "name": "Glass_6_6_0"}, {"relative_position": {"y": -0.6920700073242188, "x": -0.13109970092773438, "z": -0.00339508056640625}, "name": "Glass_6_6_1"}, {"relative_position": {"y": 0.4387245178222656, "x": 0.9581298828125, "z": -0.02032470703125}, "name": "Glass_6_6_2"}, {"relative_position": {"y": 0.2741737365722656, "x": -0.8260231018066406, "z": -0.01882171630859375}, "name": "Glass_6_6_3"}]}