{"chunks": [{"relative_position": {"y": -0.016724586486816406, "x": 0.5833663940429688, "z": 0.910400390625}, "name": "StairsStep_7_0"}, {"relative_position": {"y": -0.008985519409179688, "x": -0.7655868530273438, "z": -0.9042510986328125}, "name": "StairsStep_7_1"}, {"relative_position": {"y": 0.015906333923339844, "x": 0.13994598388671875, "z": 1.275634765625}, "name": "StairsStep_7_2"}, {"relative_position": {"y": 0.008950233459472656, "x": 0.47896575927734375, "z": -1.1763916015625}, "name": "StairsStep_7_3"}]}