{"chunks": [{"relative_position": {"y": -0.21453094482421875, "x": 0.21879959106445312, "z": 1.141500473022461}, "name": "Glass_100_3_8_0"}, {"relative_position": {"y": 0.051616668701171875, "x": -1.0160026550292969, "z": -0.9330921173095703}, "name": "Glass_100_3_8_1"}, {"relative_position": {"y": -0.08251190185546875, "x": -0.5997467041015625, "z": 0.5536975860595703}, "name": "Glass_100_3_8_2"}, {"relative_position": {"y": 0.2417449951171875, "x": -0.2753181457519531, "z": -1.4558372497558594}, "name": "Glass_100_3_8_3"}]}