{"chunks": [{"relative_position": {"y": -0.8125, "x": 2.06317138671875, "z": -1.2971744537353516}, "name": "Glass_100_1_5_0"}, {"relative_position": {"y": 0.5541229248046875, "x": -1.3857765197753906, "z": 0.9269475936889648}, "name": "Glass_100_1_5_1"}, {"relative_position": {"y": 0.5010299682617188, "x": -0.8359565734863281, "z": 1.0158796310424805}, "name": "Glass_100_1_5_2"}, {"relative_position": {"y": -0.10555267333984375, "x": 0.2905082702636719, "z": -0.5410623550415039}, "name": "Glass_100_1_5_3"}]}