{"chunks": [{"relative_position": {"y": 2.9905853271484375, "x": 0.976409912109375, "z": -13.042684555053711}, "name": "Glass_100_0"}, {"relative_position": {"y": -2.782470703125, "x": -1.2276802062988281, "z": 14.318546295166016}, "name": "Glass_100_1"}, {"relative_position": {"y": 3.4307212829589844, "x": 7.659919738769531, "z": 10.200937271118164}, "name": "Glass_100_2"}, {"relative_position": {"y": 1.902252197265625, "x": -8.522781372070312, "z": -0.9856166839599609}, "name": "Glass_100_3"}]}