{"chunks": [{"relative_position": {"y": 0.2982177734375, "x": 1.0016326904296875, "z": -1.4994583129882812}, "name": "Glass_100_3_4_0"}, {"relative_position": {"y": -0.21543121337890625, "x": -1.0640678405761719, "z": 0.4220256805419922}, "name": "Glass_100_3_4_1"}, {"relative_position": {"y": -0.29964447021484375, "x": -0.8847084045410156, "z": 1.3617172241210938}, "name": "Glass_100_3_4_2"}, {"relative_position": {"y": 0.1812744140625, "x": -0.16592788696289062, "z": -1.1786670684814453}, "name": "Glass_100_3_4_3"}]}