{"chunks": [{"relative_position": {"y": -0.008967399597167969, "x": 0.7596054077148438, "z": 0.5267791748046875}, "name": "StairsStep_26_0"}, {"relative_position": {"y": -0.008945465087890625, "x": 0.8844757080078125, "z": -0.292694091796875}, "name": "StairsStep_26_1"}, {"relative_position": {"y": -0.06720161437988281, "x": -0.20514678955078125, "z": 0.1793670654296875}, "name": "StairsStep_26_2"}, {"relative_position": {"y": -0.00745391845703125, "x": -1.2101211547851562, "z": -0.1049041748046875}, "name": "StairsStep_26_3"}]}