{"chunks": [{"relative_position": {"y": 0.01207733154296875, "x": -0.026397705078125, "z": -1.6179618835449219}, "name": "StairsStep_207_0"}, {"relative_position": {"y": -0.01810455322265625, "x": -0.47689056396484375, "z": -0.3561077117919922}, "name": "StairsStep_207_1"}, {"relative_position": {"y": -0.0120697021484375, "x": -0.00374603271484375, "z": 1.7540206909179688}, "name": "StairsStep_207_2"}, {"relative_position": {"y": 0.018123626708984375, "x": -0.48007965087890625, "z": 0.5327014923095703}, "name": "StairsStep_207_3"}]}