{"chunks": [{"relative_position": {"y": -0.9218292236328125, "x": 3.338538408279419, "z": -0.8021087646484375}, "name": "Window_123_0"}, {"relative_position": {"y": -1.0313644409179688, "x": -3.8194713592529297, "z": -0.9534149169921875}, "name": "Window_123_1"}, {"relative_position": {"y": -2.31878662109375, "x": -1.865851879119873, "z": -1.8133926391601562}, "name": "Window_123_2"}, {"relative_position": {"y": 2.2479782104492188, "x": -1.589137077331543, "z": 1.8825607299804688}, "name": "Window_123_3"}]}