{"chunks": [{"relative_position": {"y": 1.7049407958984375, "x": 0.00455474853515625, "z": -0.36405181884765625}, "name": "Glass_84_5_7_0"}, {"relative_position": {"y": -1.5342941284179688, "x": 0.0012359619140625, "z": 0.48976898193359375}, "name": "Glass_84_5_7_1"}, {"relative_position": {"y": -0.18520355224609375, "x": 0.03897857666015625, "z": -0.36885833740234375}, "name": "Glass_84_5_7_2"}, {"relative_position": {"y": 0.6754989624023438, "x": 0.03897857666015625, "z": 0.5672607421875}, "name": "Glass_84_5_7_3"}]}