{"chunks": [{"relative_position": {"y": 0.27819061279296875, "x": 0.04688262939453125, "z": -0.6149406433105469}, "name": "Glass_84_1_1_0"}, {"relative_position": {"y": -0.7843704223632812, "x": -0.00246429443359375, "z": 0.4947547912597656}, "name": "Glass_84_1_1_1"}, {"relative_position": {"y": -0.15900421142578125, "x": 0.02687835693359375, "z": 0.3355979919433594}, "name": "Glass_84_1_1_2"}, {"relative_position": {"y": 1.2261428833007812, "x": -0.00208282470703125, "z": -0.5417098999023438}, "name": "Glass_84_1_1_3"}]}