{"chunks": [{"relative_position": {"y": -1.039276123046875, "x": -0.015228271484375, "z": -0.3542518615722656}, "name": "Glass_84_4_5_0"}, {"relative_position": {"y": -0.0074310302734375, "x": 0.012969970703125, "z": 0.6650276184082031}, "name": "Glass_84_4_5_1"}, {"relative_position": {"y": 1.0347976684570312, "x": -0.00907135009765625, "z": -0.3583335876464844}, "name": "Glass_84_4_5_2"}, {"relative_position": {"y": 0.166900634765625, "x": -0.12058258056640625, "z": -0.13829803466796875}, "name": "Glass_84_4_5_3"}]}