{"chunks": [{"relative_position": {"y": 1.1795005798339844, "x": -0.0136260986328125, "z": 0.3847999572753906}, "name": "Glass_84_0_15_0"}, {"relative_position": {"y": -1.4757804870605469, "x": -4.57763671875e-05, "z": -0.5780448913574219}, "name": "Glass_84_0_15_1"}, {"relative_position": {"y": -0.71392822265625, "x": -0.0377044677734375, "z": -0.9680442810058594}, "name": "Glass_84_0_15_2"}, {"relative_position": {"y": 0.6677055358886719, "x": 0.065521240234375, "z": -0.3829994201660156}, "name": "Glass_84_0_15_3"}]}