{"chunks": [{"relative_position": {"y": -0.8816146850585938, "x": 0.00919342041015625, "z": 0.660797119140625}, "name": "Glass_84_2_0_0"}, {"relative_position": {"y": -1.1053543090820312, "x": -0.038482666015625, "z": 0.2265625}, "name": "Glass_84_2_0_1"}, {"relative_position": {"y": -0.06366729736328125, "x": -0.10402679443359375, "z": -0.01924896240234375}, "name": "Glass_84_2_0_2"}, {"relative_position": {"y": 0.946258544921875, "x": -0.02227783203125, "z": -0.5537300109863281}, "name": "Glass_84_2_0_3"}]}