{"chunks": [{"relative_position": {"y": -1.5989151000976562, "x": -0.0315399169921875, "z": 0.1600799560546875}, "name": "Glass_84_5_9_0"}, {"relative_position": {"y": 0.6795196533203125, "x": 0.00945281982421875, "z": -1.0045928955078125}, "name": "Glass_84_5_9_1"}, {"relative_position": {"y": 1.2088623046875, "x": -0.05158233642578125, "z": -0.6727142333984375}, "name": "Glass_84_5_9_2"}, {"relative_position": {"y": 1.2283401489257812, "x": -0.0114593505859375, "z": 0.5445404052734375}, "name": "Glass_84_5_9_3"}]}