{"chunks": [{"relative_position": {"y": 0.0104522705078125, "x": 0.016326904296875, "z": -0.0076751708984375}, "name": "Glass_84_6_0_0"}, {"relative_position": {"y": -0.46552276611328125, "x": -0.0168914794921875, "z": 0.1366729736328125}, "name": "Glass_84_6_0_1"}, {"relative_position": {"y": 0.5418624877929688, "x": -0.00060272216796875, "z": 0.6530265808105469}, "name": "Glass_84_6_0_2"}, {"relative_position": {"y": -0.2408294677734375, "x": 0.00640869140625, "z": -0.5953292846679688}, "name": "Glass_84_6_0_3"}]}