{"chunks": [{"relative_position": {"y": 0.8276329040527344, "x": -0.0052032470703125, "z": 0.4631805419921875}, "name": "Glass_84_1_6_0"}, {"relative_position": {"y": -1.2481269836425781, "x": 0.00826263427734375, "z": 0.6076774597167969}, "name": "Glass_84_1_6_1"}, {"relative_position": {"y": 0.7699966430664062, "x": 0.01618194580078125, "z": -0.7602691650390625}, "name": "Glass_84_1_6_2"}, {"relative_position": {"y": -0.024021148681640625, "x": 0.101715087890625, "z": -0.004444122314453125}, "name": "Glass_84_1_6_3"}]}