{"chunks": [{"relative_position": {"y": 0.013731956481933594, "x": 0.502838134765625, "z": 0.9380950927734375}, "name": "StairsStep_6_0"}, {"relative_position": {"y": -0.01842975616455078, "x": 1.1964874267578125, "z": 0.9883270263671875}, "name": "StairsStep_6_1"}, {"relative_position": {"y": -0.014697074890136719, "x": -0.9070663452148438, "z": -0.983001708984375}, "name": "StairsStep_6_2"}, {"relative_position": {"y": 0.018235206604003906, "x": 0.149688720703125, "z": -1.160308837890625}, "name": "StairsStep_6_3"}]}