{"chunks": [{"relative_position": {"y": -0.6704139709472656, "x": -3.2985382080078125, "z": 2.1961822509765625}, "name": "Window_159_0"}, {"relative_position": {"y": -0.6238555908203125, "x": 4.303802490234375, "z": 1.7487640380859375}, "name": "Window_159_1"}, {"relative_position": {"y": 0.8766899108886719, "x": -2.6739959716796875, "z": -2.824920654296875}, "name": "Window_159_2"}, {"relative_position": {"y": 1.0042457580566406, "x": 4.7771148681640625, "z": -2.9081878662109375}, "name": "Window_159_3"}]}