{"chunks": [{"relative_position": {"y": -0.014492034912109375, "x": 0.24210357666015625, "z": 1.6056156158447266}, "name": "StairsStep_74_0"}, {"relative_position": {"y": -0.11940383911132812, "x": -0.38282012939453125, "z": -0.13570785522460938}, "name": "StairsStep_74_1"}, {"relative_position": {"y": -0.013675689697265625, "x": -0.4828948974609375, "z": 1.5391521453857422}, "name": "StairsStep_74_2"}, {"relative_position": {"y": -0.0113983154296875, "x": -0.04743194580078125, "z": -1.547637939453125}, "name": "StairsStep_74_3"}]}