{"chunks": [{"relative_position": {"y": 0.5022411346435547, "x": -0.0135955810546875, "z": -0.9929580688476562}, "name": "Barrier_40_0"}, {"relative_position": {"y": -0.2474517822265625, "x": -0.10201263427734375, "z": 0.17290878295898438}, "name": "Barrier_40_1"}, {"relative_position": {"y": -0.7817668914794922, "x": -0.01360321044921875, "z": -0.7754364013671875}, "name": "Barrier_40_2"}, {"relative_position": {"y": -0.07246017456054688, "x": -0.0113372802734375, "z": 1.2546348571777344}, "name": "Barrier_40_3"}]}