{"chunks": [{"relative_position": {"y": -0.09518623352050781, "x": 1.7891502380371094, "z": 0.0166778564453125}, "name": "StairsStep_106_0"}, {"relative_position": {"y": -0.0049953460693359375, "x": -1.9612445831298828, "z": -0.062286376953125}, "name": "StairsStep_106_1"}, {"relative_position": {"y": 0.0036773681640625, "x": -0.7472171783447266, "z": 0.4964332580566406}, "name": "StairsStep_106_2"}, {"relative_position": {"y": 0.017246246337890625, "x": 2.16778564453125, "z": -0.11871719360351562}, "name": "StairsStep_106_3"}]}