{"chunks": [{"relative_position": {"y": 0.43993377685546875, "x": 1.7794837951660156, "z": 0.001819610595703125}, "name": "Glass_97_3_0"}, {"relative_position": {"y": -1.2914924621582031, "x": -0.5811004638671875, "z": -0.0325927734375}, "name": "Glass_97_3_1"}, {"relative_position": {"y": -0.8637542724609375, "x": -1.5542984008789062, "z": 0.026058197021484375}, "name": "Glass_97_3_2"}, {"relative_position": {"y": 1.0346832275390625, "x": 0.3570117950439453, "z": -0.013378143310546875}, "name": "Glass_97_3_3"}]}