{"chunks": [{"relative_position": {"y": -0.2172698974609375, "x": 0.7357635498046875, "z": 1.1098384857177734}, "name": "Glass_101_0_3_0"}, {"relative_position": {"y": 0.23252105712890625, "x": -1.3246231079101562, "z": -0.9877948760986328}, "name": "Glass_101_0_3_1"}, {"relative_position": {"y": 0.10558700561523438, "x": -0.24660873413085938, "z": 0.5499610900878906}, "name": "Glass_101_0_3_2"}, {"relative_position": {"y": 0.0037384033203125, "x": 0.4347381591796875, "z": -0.6468486785888672}, "name": "Glass_101_0_3_3"}]}