{"chunks": [{"relative_position": {"y": -0.143280029296875, "x": 0.8497772216796875, "z": -0.040958404541015625}, "name": "Glass_101_2_4_0"}, {"relative_position": {"y": 0.11394882202148438, "x": -0.2914886474609375, "z": -0.5924415588378906}, "name": "Glass_101_2_4_1"}, {"relative_position": {"y": 0.22133255004882812, "x": -0.8058319091796875, "z": 0.3481636047363281}, "name": "Glass_101_2_4_2"}, {"relative_position": {"y": 0.2823982238769531, "x": -0.23549652099609375, "z": -0.5346145629882812}, "name": "Glass_101_2_4_3"}]}