{"chunks": [{"relative_position": {"y": -1.4580612182617188, "x": -3.489910125732422, "z": -6.277484893798828}, "name": "Glass_101_1_0"}, {"relative_position": {"y": -2.8008193969726562, "x": -8.623641967773438, "z": -5.2446441650390625}, "name": "Glass_101_1_1"}, {"relative_position": {"y": 0.52227783203125, "x": 3.4106101989746094, "z": -2.3543739318847656}, "name": "Glass_101_1_2"}, {"relative_position": {"y": 2.2986679077148438, "x": 6.304571151733398, "z": 6.305797576904297}, "name": "Glass_101_1_3"}]}