{"chunks": [{"relative_position": {"y": -1.0241127014160156, "x": 7.779243469238281, "z": 10.497650146484375}, "name": "Glass_101_0"}, {"relative_position": {"y": -5.486785888671875, "x": 14.074821472167969, "z": -0.7446861267089844}, "name": "Glass_101_1"}, {"relative_position": {"y": 5.70367431640625, "x": -15.690200805664062, "z": -4.727943420410156}, "name": "Glass_101_2"}, {"relative_position": {"y": 4.944446563720703, "x": -10.695117950439453, "z": -5.4297332763671875}, "name": "Glass_101_3"}]}