{"chunks": [{"relative_position": {"y": 0.0064239501953125, "x": 1.2780065536499023, "z": -0.7109870910644531}, "name": "Exhibition_19.004_0"}, {"relative_position": {"y": -0.008014678955078125, "x": -0.6089811325073242, "z": -0.9188728332519531}, "name": "Exhibition_19.004_1"}, {"relative_position": {"y": -0.00640869140625, "x": 1.1454849243164062, "z": 0.7495269775390625}, "name": "Exhibition_19.004_2"}, {"relative_position": {"y": 0.005367279052734375, "x": -1.599207878112793, "z": -0.007747650146484375}, "name": "Exhibition_19.004_3"}]}