{"chunks": [{"relative_position": {"y": 0.1265411376953125, "x": 0.462249755859375, "z": 0.06497955322265625}, "name": "Glass_85_11_0"}, {"relative_position": {"y": -1.5353469848632812, "x": -0.326812744140625, "z": -0.010284423828125}, "name": "Glass_85_11_1"}, {"relative_position": {"y": -0.075042724609375, "x": -0.3817901611328125, "z": 0.003650665283203125}, "name": "Glass_85_11_2"}, {"relative_position": {"y": 1.5401687622070312, "x": 0.386016845703125, "z": -0.0204620361328125}, "name": "Glass_85_11_3"}]}