{"chunks": [{"relative_position": {"y": 0.25441741943359375, "x": 0.50494384765625, "z": -0.03050994873046875}, "name": "Glass_85_15_0"}, {"relative_position": {"y": -0.32602691650390625, "x": -0.5030364990234375, "z": -0.053462982177734375}, "name": "Glass_85_15_1"}, {"relative_position": {"y": -1.484344482421875, "x": 0.33788299560546875, "z": -0.0003204345703125}, "name": "Glass_85_15_2"}, {"relative_position": {"y": 0.9617691040039062, "x": -0.171478271484375, "z": 0.005077362060546875}, "name": "Glass_85_15_3"}]}