{"chunks": [{"relative_position": {"y": -0.0301513671875, "x": 0.559539794921875, "z": 0.07691574096679688}, "name": "Glass_85_16_0"}, {"relative_position": {"y": -1.6611404418945312, "x": -0.4800567626953125, "z": -0.002933502197265625}, "name": "Glass_85_16_1"}, {"relative_position": {"y": 0.459564208984375, "x": -0.5072097778320312, "z": 0.008007049560546875}, "name": "Glass_85_16_2"}, {"relative_position": {"y": 1.824310302734375, "x": 0.5896148681640625, "z": -0.01175689697265625}, "name": "Glass_85_16_3"}]}