{"chunks": [{"relative_position": {"y": 0.0066986083984375, "x": 3.713319778442383, "z": -0.3116111755371094}, "name": "Exhibition_18_0"}, {"relative_position": {"y": -0.010040283203125, "x": -0.5646562576293945, "z": -2.6202392578125}, "name": "Exhibition_18_1"}, {"relative_position": {"y": -0.008026123046875, "x": -2.260378837585449, "z": 2.3587722778320312}, "name": "Exhibition_18_2"}, {"relative_position": {"y": 0.00803375244140625, "x": -3.749751091003418, "z": -1.5576133728027344}, "name": "Exhibition_18_3"}]}