{"chunks": [{"relative_position": {"y": 0.008968353271484375, "x": 0.0328521728515625, "z": -1.233917236328125}, "name": "StairsStep_29_0"}, {"relative_position": {"y": -0.011189460754394531, "x": -0.5607147216796875, "z": -0.160247802734375}, "name": "StairsStep_29_1"}, {"relative_position": {"y": -0.008951187133789062, "x": 1.113922119140625, "z": -0.511566162109375}, "name": "StairsStep_29_2"}, {"relative_position": {"y": 0.007487297058105469, "x": -0.4073028564453125, "z": 1.06536865234375}, "name": "StairsStep_29_3"}]}