{"chunks": [{"relative_position": {"y": 1.8555755615234375, "x": 1.2040371894836426, "z": -1.5059432983398438}, "name": "Window_97_0"}, {"relative_position": {"y": 1.2941513061523438, "x": -3.252812385559082, "z": -1.045633316040039}, "name": "Window_97_1"}, {"relative_position": {"y": -2.19354248046875, "x": 1.2552704811096191, "z": 1.8284893035888672}, "name": "Window_97_2"}, {"relative_position": {"y": 1.9735946655273438, "x": -1.398228645324707, "z": -1.3463096618652344}, "name": "Window_97_3"}]}