{"chunks": [{"relative_position": {"y": 0.24017333984375, "x": 2.9774131774902344, "z": 0.06071662902832031}, "name": "Tape_6.001_0"}, {"relative_position": {"y": -0.17550277709960938, "x": 1.3191299438476562, "z": -0.008958816528320312}, "name": "Tape_6.001_1"}, {"relative_position": {"y": -0.025241851806640625, "x": -1.94024658203125, "z": -0.0}, "name": "Tape_6.001_2"}, {"relative_position": {"y": 0.32743072509765625, "x": 3.2212677001953125, "z": -0.06429862976074219}, "name": "Tape_6.001_3"}]}