{"chunks": [{"relative_position": {"y": 0.01207733154296875, "x": -0.018840789794921875, "z": 1.6660308837890625}, "name": "StairsStep_131_0"}, {"relative_position": {"y": -0.01811981201171875, "x": -0.4520149230957031, "z": 0.4985237121582031}, "name": "StairsStep_131_1"}, {"relative_position": {"y": 0.01810455322265625, "x": -0.4620780944824219, "z": -0.5877532958984375}, "name": "StairsStep_131_2"}, {"relative_position": {"y": -0.0120849609375, "x": 0.0054779052734375, "z": -1.8138542175292969}, "name": "StairsStep_131_3"}]}