{"chunks": [{"relative_position": {"y": -0.6917877197265625, "x": 0.01360321044921875, "z": -1.322845458984375}, "name": "Barrier_242_0"}, {"relative_position": {"y": 0.46800994873046875, "x": -0.013580322265625, "z": -1.4222183227539062}, "name": "Barrier_242_1"}, {"relative_position": {"y": -0.5299911499023438, "x": -0.01358795166015625, "z": 1.1174545288085938}, "name": "Barrier_242_2"}, {"relative_position": {"y": 0.6966629028320312, "x": 0.01361846923828125, "z": 1.0103836059570312}, "name": "Barrier_242_3"}]}