{"chunks": [{"relative_position": {"y": 0.00803375244140625, "x": 2.6124954223632812, "z": 1.9448165893554688}, "name": "Exhibition_18.001_0"}, {"relative_position": {"y": 0.00803375244140625, "x": 2.9499311447143555, "z": -1.6491279602050781}, "name": "Exhibition_18.001_1"}, {"relative_position": {"y": 0.00669097900390625, "x": -3.567317008972168, "z": -0.037220001220703125}, "name": "Exhibition_18.001_2"}, {"relative_position": {"y": 0.06024169921875, "x": 0.08440876007080078, "z": -0.110015869140625}, "name": "Exhibition_18.001_3"}]}