{"chunks": [{"relative_position": {"y": -0.03652191162109375, "x": 0.50115966796875, "z": -1.5275688171386719}, "name": "StairsStep_141_0"}, {"relative_position": {"y": -0.012096405029296875, "x": 0.0039825439453125, "z": 1.721099853515625}, "name": "StairsStep_141_1"}, {"relative_position": {"y": 0.0180816650390625, "x": 0.43377685546875, "z": 0.5239982604980469}, "name": "StairsStep_141_2"}, {"relative_position": {"y": 0.017833709716796875, "x": -0.00966644287109375, "z": -1.960906982421875}, "name": "StairsStep_141_3"}]}