{"chunks": [{"relative_position": {"y": -0.01177215576171875, "x": -0.049198150634765625, "z": -1.5595226287841797}, "name": "StairsStep_85_0"}, {"relative_position": {"y": -0.0141448974609375, "x": -0.4249382019042969, "z": 1.6362648010253906}, "name": "StairsStep_85_1"}, {"relative_position": {"y": 0.014495849609375, "x": 0.2931671142578125, "z": 1.592477798461914}, "name": "StairsStep_85_2"}, {"relative_position": {"y": 0.07303619384765625, "x": -0.3948936462402344, "z": -0.04483222961425781}, "name": "StairsStep_85_3"}]}