{"chunks": [{"relative_position": {"z": 0.09004521369934082, "x": -0.340301513671875, "y": 0.7016525268554688}, "name": "Barrier_51_0"}, {"relative_position": {"z": 0.011067628860473633, "x": 0.6096029281616211, "y": -0.5952911376953125}, "name": "Barrier_51_1"}, {"relative_position": {"z": 0.008228540420532227, "x": -0.9621446132659912, "y": 0.10576629638671875}, "name": "Barrier_51_2"}, {"relative_position": {"z": 0.009874105453491211, "x": 0.555387020111084, "y": 0.7123260498046875}, "name": "Barrier_51_3"}]}