{"chunks": [{"relative_position": {"y": 1.16461181640625, "x": 0.71197509765625, "z": -0.005908966064453125}, "name": "Window_40_8_0"}, {"relative_position": {"y": -0.67578125, "x": 0.2277374267578125, "z": -0.003833770751953125}, "name": "Window_40_8_1"}, {"relative_position": {"y": -0.998626708984375, "x": -0.9232559204101562, "z": -0.02114105224609375}, "name": "Window_40_8_2"}, {"relative_position": {"y": 0.3981781005859375, "x": 1.2785186767578125, "z": -0.039752960205078125}, "name": "Window_40_8_3"}]}