{"chunks": [{"relative_position": {"z": -0.08286046981811523, "x": -0.030956268310546875, "y": 0.02268218994140625}, "name": "Barrier_190_0"}, {"relative_position": {"z": -0.011066913604736328, "x": -0.6399879455566406, "y": -0.5667495727539062}, "name": "Barrier_190_1"}, {"relative_position": {"z": -0.009222984313964844, "x": 0.9283866882324219, "y": 0.00400543212890625}, "name": "Barrier_190_2"}, {"relative_position": {"z": -0.011066913604736328, "x": -0.5786285400390625, "y": 0.6333694458007812}, "name": "Barrier_190_3"}]}