{"chunks": [{"relative_position": {"y": 0.01207733154296875, "x": 1.6227874755859375, "z": -0.00484466552734375}, "name": "StairsStep_181_0"}, {"relative_position": {"y": -0.018096923828125, "x": 0.26912689208984375, "z": -0.4359588623046875}, "name": "StairsStep_181_1"}, {"relative_position": {"y": -0.0144805908203125, "x": -1.6092453002929688, "z": 0.28106689453125}, "name": "StairsStep_181_2"}, {"relative_position": {"y": 0.01450347900390625, "x": -1.6800308227539062, "z": -0.3854217529296875}, "name": "StairsStep_181_3"}]}