{"chunks": [{"relative_position": {"z": 0.009206771850585938, "x": 0.93621826171875, "y": -0.00154876708984375}, "name": "Barrier_189_0"}, {"relative_position": {"z": 0.011022090911865234, "x": -0.5840644836425781, "y": -0.6116104125976562}, "name": "Barrier_189_1"}, {"relative_position": {"z": 0.08279561996459961, "x": 0.041454315185546875, "y": -0.0057220458984375}, "name": "Barrier_189_2"}, {"relative_position": {"z": 0.011022090911865234, "x": -0.5928077697753906, "y": 0.6031036376953125}, "name": "Barrier_189_3"}]}