{"chunks": [{"relative_position": {"y": -0.07063436508178711, "x": 0.585723876953125, "z": -0.2170562744140625}, "name": "StairsStep_24_0"}, {"relative_position": {"y": -0.005446910858154297, "x": 0.5609588623046875, "z": -0.991241455078125}, "name": "StairsStep_24_1"}, {"relative_position": {"y": -0.008981704711914062, "x": -0.8654098510742188, "z": 0.6869964599609375}, "name": "StairsStep_24_2"}, {"relative_position": {"y": -0.0065364837646484375, "x": 0.37992095947265625, "z": 1.0742034912109375}, "name": "StairsStep_24_3"}]}