{"chunks": [{"relative_position": {"z": 0.011197090148925781, "x": 0.7913284301757812, "y": -0.4146766662597656}, "name": "Barrier_18_0"}, {"relative_position": {"z": -0.011204719543457031, "x": -0.7904281616210938, "y": -0.4004230499267578}, "name": "Barrier_18_1"}, {"relative_position": {"z": 0.011187553405761719, "x": -0.6812667846679688, "y": 0.7699012756347656}, "name": "Barrier_18_2"}, {"relative_position": {"z": -0.011204719543457031, "x": 0.8495101928710938, "y": 0.7463417053222656}, "name": "Barrier_18_3"}]}