{"chunks": [{"relative_position": {"y": 0.008968353271484375, "x": -0.00960540771484375, "z": -1.204925537109375}, "name": "StairsStep_38_0"}, {"relative_position": {"y": -0.0034465789794921875, "x": -1.3039321899414062, "z": -0.70843505859375}, "name": "StairsStep_38_1"}, {"relative_position": {"y": -0.002872467041015625, "x": 0.4783935546875, "z": 0.965087890625}, "name": "StairsStep_38_2"}, {"relative_position": {"y": 0.05404090881347656, "x": -0.741943359375, "z": -0.029022216796875}, "name": "StairsStep_38_3"}]}