{"chunks": [{"relative_position": {"y": 0.7628593444824219, "x": 3.4503707885742188, "z": -2.4779891967773438}, "name": "Window_143_0"}, {"relative_position": {"y": -0.9208488464355469, "x": -3.781280517578125, "z": 2.6539306640625}, "name": "Window_143_1"}, {"relative_position": {"y": -0.7133636474609375, "x": 3.6575927734375, "z": 2.3270416259765625}, "name": "Window_143_2"}, {"relative_position": {"y": 0.7207603454589844, "x": -4.006744384765625, "z": -2.044189453125}, "name": "Window_143_3"}]}