{"chunks": [{"relative_position": {"y": -1.328704833984375, "x": 2.567943572998047, "z": 1.039999008178711}, "name": "Window_131_0"}, {"relative_position": {"y": 0.0071258544921875, "x": -0.20591354370117188, "z": -0.3602790832519531}, "name": "Window_131_1"}, {"relative_position": {"y": 0.02231597900390625, "x": -3.5581703186035156, "z": -0.05776214599609375}, "name": "Window_131_2"}, {"relative_position": {"y": 1.8976821899414062, "x": 2.107379913330078, "z": -1.6015892028808594}, "name": "Window_131_3"}]}