{"chunks": [{"relative_position": {"y": -0.01448822021484375, "x": 1.5554656982421875, "z": 0.29931640625}, "name": "StairsStep_152_0"}, {"relative_position": {"y": 0.007930755615234375, "x": 1.49591064453125, "z": -0.44107818603515625}, "name": "StairsStep_152_1"}, {"relative_position": {"y": -0.08339309692382812, "x": -0.411590576171875, "z": -0.34693145751953125}, "name": "StairsStep_152_2"}, {"relative_position": {"y": 0.0066070556640625, "x": -1.6464691162109375, "z": -0.03530120849609375}, "name": "StairsStep_152_3"}]}