{"chunks": [{"relative_position": {"y": 0.018115997314453125, "x": -0.12021636962890625, "z": -0.4185943603515625}, "name": "StairsStep_146_0"}, {"relative_position": {"y": -0.012065887451171875, "x": -1.6875991821289062, "z": 0.0204010009765625}, "name": "StairsStep_146_1"}, {"relative_position": {"y": -0.012065887451171875, "x": 1.5814971923828125, "z": 0.02127838134765625}, "name": "StairsStep_146_2"}, {"relative_position": {"y": 0.018131256103515625, "x": -0.06189727783203125, "z": 0.434173583984375}, "name": "StairsStep_146_3"}]}