{"chunks": [{"relative_position": {"y": 0.0662994384765625, "x": 1.0905227661132812, "z": 0.2330780029296875}, "name": "Window_163_6_0"}, {"relative_position": {"y": 0.1820220947265625, "x": -1.0889816284179688, "z": -0.51055908203125}, "name": "Window_163_6_1"}, {"relative_position": {"y": -0.4274444580078125, "x": 0.2963104248046875, "z": 0.827056884765625}, "name": "Window_163_6_2"}, {"relative_position": {"y": 0.2792396545410156, "x": -0.024810791015625, "z": 0.27044677734375}, "name": "Window_163_6_3"}]}