{"chunks": [{"relative_position": {"y": 0.25106048583984375, "x": 0.38202667236328125, "z": 0.481597900390625}, "name": "Window_163_4_0"}, {"relative_position": {"y": -0.19237899780273438, "x": 0.9150543212890625, "z": 0.6773529052734375}, "name": "Window_163_4_1"}, {"relative_position": {"y": -0.13831710815429688, "x": -0.9003372192382812, "z": 0.5546417236328125}, "name": "Window_163_4_2"}, {"relative_position": {"y": 0.24068832397460938, "x": 0.30927276611328125, "z": -0.708526611328125}, "name": "Window_163_4_3"}]}