{"chunks": [{"relative_position": {"y": 0.06725835800170898, "x": 0.1521453857421875, "z": 0.022705078125}, "name": "StairsStep_21_0"}, {"relative_position": {"y": 0.008987903594970703, "x": 1.124359130859375, "z": -0.2791748046875}, "name": "StairsStep_21_1"}, {"relative_position": {"y": 0.008987903594970703, "x": 0.7498092651367188, "z": 0.8775482177734375}, "name": "StairsStep_21_2"}, {"relative_position": {"y": 0.007489919662475586, "x": -1.0141754150390625, "z": -0.3189544677734375}, "name": "StairsStep_21_3"}]}