{"chunks": [{"relative_position": {"y": -0.3485984802246094, "x": 0.18834686279296875, "z": 0.0019073486328125}, "name": "Tape_11_0"}, {"relative_position": {"y": -0.5140552520751953, "x": 1.264495849609375, "z": -0.37607574462890625}, "name": "Tape_11_1"}, {"relative_position": {"y": -0.09537315368652344, "x": -0.44834136962890625, "z": 0.09141159057617188}, "name": "Tape_11_2"}, {"relative_position": {"y": 0.6177043914794922, "x": -1.533416748046875, "z": 0.44135284423828125}, "name": "Tape_11_3"}]}