{"chunks": [{"relative_position": {"y": 1.0712661743164062, "x": -0.2126007080078125, "z": -1.3082389831542969}, "name": "Window_3_19_0"}, {"relative_position": {"y": -0.51568603515625, "x": 0.07859039306640625, "z": -1.0165843963623047}, "name": "Window_3_19_1"}, {"relative_position": {"y": -1.5064849853515625, "x": 0.31458282470703125, "z": 0.3435859680175781}, "name": "Window_3_19_2"}, {"relative_position": {"y": 0.5095062255859375, "x": -0.115386962890625, "z": 1.4834156036376953}, "name": "Window_3_19_3"}]}