{"chunks": [{"relative_position": {"y": 0.11679840087890625, "x": -0.0062103271484375, "z": 0.06182670593261719}, "name": "Window_3_18_0"}, {"relative_position": {"y": 0.0137939453125, "x": -0.0089874267578125, "z": 0.9435806274414062}, "name": "Window_3_18_1"}, {"relative_position": {"y": 0.09272003173828125, "x": -0.0415191650390625, "z": -0.17463302612304688}, "name": "Window_3_18_2"}, {"relative_position": {"y": -0.00893402099609375, "x": 0.00445556640625, "z": -0.9828205108642578}, "name": "Window_3_18_3"}]}