{"chunks": [{"relative_position": {"y": -0.0477752685546875, "x": 0.03285980224609375, "z": -1.8239669799804688}, "name": "Tape_24_0"}, {"relative_position": {"y": -0.2792320251464844, "x": -0.0612030029296875, "z": 0.8642196655273438}, "name": "Tape_24_1"}, {"relative_position": {"y": -0.262542724609375, "x": 0.06356048583984375, "z": 0.9408950805664062}, "name": "Tape_24_2"}, {"relative_position": {"y": 0.09893417358398438, "x": -0.05228424072265625, "z": 2.5506210327148438}, "name": "Tape_24_3"}]}