{"chunks": [{"relative_position": {"y": -0.89666748046875, "x": 2.8572540283203125, "z": 2.580322265625}, "name": "Window_137_0"}, {"relative_position": {"y": 1.0250892639160156, "x": -4.471187591552734, "z": -3.311798095703125}, "name": "Window_137_1"}, {"relative_position": {"y": 0.05298614501953125, "x": -5.398685455322266, "z": 0.1916351318359375}, "name": "Window_137_2"}, {"relative_position": {"y": 0.8762359619140625, "x": 2.9431495666503906, "z": -2.5180435180664062}, "name": "Window_137_3"}]}