{"chunks": [{"relative_position": {"y": -0.007473945617675781, "x": 0.9777145385742188, "z": 0.6655426025390625}, "name": "StairsStep_32_0"}, {"relative_position": {"y": -0.02222156524658203, "x": -1.4188919067382812, "z": -0.844879150390625}, "name": "StairsStep_32_1"}, {"relative_position": {"y": 0.01119232177734375, "x": -0.5224838256835938, "z": 0.30810546875}, "name": "StairsStep_32_2"}, {"relative_position": {"y": 0.009205818176269531, "x": -0.584381103515625, "z": -0.844085693359375}, "name": "StairsStep_32_3"}]}