{"chunks": [{"relative_position": {"y": 0.32811737060546875, "x": -0.5940017700195312, "z": -0.8869171142578125}, "name": "Window_144_3_0"}, {"relative_position": {"y": -0.21384048461914062, "x": -1.5309066772460938, "z": 0.379150390625}, "name": "Window_144_3_1"}, {"relative_position": {"y": 0.09603118896484375, "x": 1.1381149291992188, "z": -0.9751434326171875}, "name": "Window_144_3_2"}, {"relative_position": {"y": -0.15442276000976562, "x": 1.4880828857421875, "z": 0.61212158203125}, "name": "Window_144_3_3"}]}