{"chunks": [{"relative_position": {"y": -0.007144451141357422, "x": 1.3470840454101562, "z": 0.012451171875}, "name": "StairsStep_11_0"}, {"relative_position": {"y": -0.07168912887573242, "x": 1.1886749267578125, "z": 0.4910430908203125}, "name": "StairsStep_11_1"}, {"relative_position": {"y": -0.007142543792724609, "x": 0.727203369140625, "z": 1.06280517578125}, "name": "StairsStep_11_2"}, {"relative_position": {"y": -0.007472038269042969, "x": -0.8915328979492188, "z": -0.5879364013671875}, "name": "StairsStep_11_3"}]}