{"chunks": [{"relative_position": {"y": 0.11823272705078125, "x": 0.00324249267578125, "z": -2.5992279052734375}, "name": "Tape_5_0"}, {"relative_position": {"y": -0.28202056884765625, "x": -0.01383209228515625, "z": -0.7888336181640625}, "name": "Tape_5_1"}, {"relative_position": {"y": -0.3177642822265625, "x": 0.06491851806640625, "z": 0.7793121337890625}, "name": "Tape_5_2"}, {"relative_position": {"y": -0.04552459716796875, "x": -0.0116119384765625, "z": 1.8923873901367188}, "name": "Tape_5_3"}]}