{"chunks": [{"relative_position": {"z": -0.6525415778160095, "x": -0.011048316955566406, "y": -0.5896720886230469}, "name": "Barrier_43_0"}, {"relative_position": {"z": 0.8789651393890381, "x": 0.011036872863769531, "y": -0.5734443664550781}, "name": "Barrier_43_1"}, {"relative_position": {"z": -0.6337994933128357, "x": 0.011036872863769531, "y": 0.6112861633300781}, "name": "Barrier_43_2"}, {"relative_position": {"z": 0.8949242830276489, "x": -0.011059284210205078, "y": 0.5866241455078125}, "name": "Barrier_43_3"}]}