{"chunks": [{"relative_position": {"y": 0.00807952880859375, "x": 1.5341949462890625, "z": -0.2866058349609375}, "name": "StairsStep_184_0"}, {"relative_position": {"y": 0.0006866455078125, "x": -1.6914825439453125, "z": 0.000579833984375}, "name": "StairsStep_184_1"}, {"relative_position": {"y": 0.007236480712890625, "x": 1.44696044921875, "z": 0.49973297119140625}, "name": "StairsStep_184_2"}, {"relative_position": {"y": 0.109710693359375, "x": -0.5163116455078125, "z": 0.00234222412109375}, "name": "StairsStep_184_3"}]}