{"chunks": [{"relative_position": {"y": -3.04205322265625, "x": 2.4372406005859375, "z": 0.0135955810546875}, "name": "Glass_99_0"}, {"relative_position": {"y": 0.35723876953125, "x": 4.370609283447266, "z": -0.01699066162109375}, "name": "Glass_99_1"}, {"relative_position": {"y": 0.01355743408203125, "x": -4.240570068359375, "z": -0.01132965087890625}, "name": "Glass_99_2"}, {"relative_position": {"y": 3.3185272216796875, "x": 2.9325180053710938, "z": 0.013607025146484375}, "name": "Glass_99_3"}]}