{"chunks": [{"relative_position": {"y": -0.04747629165649414, "x": -1.8318023681640625, "z": -0.005245208740234375}, "name": "Tape_23_0"}, {"relative_position": {"y": -0.20497727394104004, "x": 1.1467514038085938, "z": -0.00522613525390625}, "name": "Tape_23_1"}, {"relative_position": {"y": -0.36093640327453613, "x": -0.25766754150390625, "z": -0.10639190673828125}, "name": "Tape_23_2"}, {"relative_position": {"y": 0.2523941993713379, "x": 2.9970321655273438, "z": -0.0}, "name": "Tape_23_3"}]}