{"chunks": [{"relative_position": {"y": 0.1056976318359375, "x": 0.5758743286132812, "z": -0.0183563232421875}, "name": "Glass_103_6_0"}, {"relative_position": {"y": -0.82745361328125, "x": 0.04901885986328125, "z": 0.009464263916015625}, "name": "Glass_103_6_1"}, {"relative_position": {"y": 0.7472648620605469, "x": 0.27474212646484375, "z": 0.11623001098632812}, "name": "Glass_103_6_2"}, {"relative_position": {"y": 1.0149879455566406, "x": -0.20095062255859375, "z": -0.004680633544921875}, "name": "Glass_103_6_3"}]}