{"chunks": [{"relative_position": {"y": -1.3714790344238281, "x": 1.2182693481445312, "z": -0.003326416015625}, "name": "Glass_103_1_0"}, {"relative_position": {"y": 0.0687713623046875, "x": 0.48822021484375, "z": -0.12512588500976562}, "name": "Glass_103_1_1"}, {"relative_position": {"y": 0.4989013671875, "x": -1.5374755859375, "z": 0.0008544921875}, "name": "Glass_103_1_2"}, {"relative_position": {"y": 1.2039337158203125, "x": 0.325042724609375, "z": 0.002437591552734375}, "name": "Glass_103_1_3"}]}