{"chunks": [{"relative_position": {"y": -1.2577667236328125, "x": 0.0032958984375, "z": 0.3116569519042969}, "name": "Glass_77_22_0"}, {"relative_position": {"y": -0.18650054931640625, "x": -0.0046539306640625, "z": -0.8241767883300781}, "name": "Glass_77_22_1"}, {"relative_position": {"y": -0.07695770263671875, "x": -0.0843048095703125, "z": 0.058887481689453125}, "name": "Glass_77_22_2"}, {"relative_position": {"y": 1.2358474731445312, "x": -0.008270263671875, "z": 0.04428863525390625}, "name": "Glass_77_22_3"}]}