{"chunks": [{"relative_position": {"y": 0.9434890747070312, "x": 0.0189208984375, "z": 0.348236083984375}, "name": "Glass_77_20_0"}, {"relative_position": {"y": -0.256622314453125, "x": 0.0416259765625, "z": -0.8495826721191406}, "name": "Glass_77_20_1"}, {"relative_position": {"y": -1.0173110961914062, "x": -0.02459716796875, "z": 0.20126724243164062}, "name": "Glass_77_20_2"}, {"relative_position": {"y": 0.688720703125, "x": 0.008087158203125, "z": -0.8278923034667969}, "name": "Glass_77_20_3"}]}