{"chunks": [{"relative_position": {"y": -0.3161773681640625, "x": 0.0089874267578125, "z": -1.0793228149414062}, "name": "Glass_77_14_0"}, {"relative_position": {"y": -0.08795166015625, "x": -0.10748291015625, "z": -0.22825241088867188}, "name": "Glass_77_14_1"}, {"relative_position": {"y": -0.1896514892578125, "x": -0.001434326171875, "z": 0.09824371337890625}, "name": "Glass_77_14_2"}, {"relative_position": {"y": 0.24730682373046875, "x": -0.028228759765625, "z": 0.8476333618164062}, "name": "Glass_77_14_3"}]}