{"chunks": [{"relative_position": {"y": -0.1896209716796875, "x": 0.0157012939453125, "z": 0.8482284545898438}, "name": "Glass_77_3_0"}, {"relative_position": {"y": -1.1697845458984375, "x": -0.0288543701171875, "z": -0.004955291748046875}, "name": "Glass_77_3_1"}, {"relative_position": {"y": 0.312896728515625, "x": -0.023040771484375, "z": 0.6966934204101562}, "name": "Glass_77_3_2"}, {"relative_position": {"y": 0.8924942016601562, "x": 0.003204345703125, "z": -0.6238174438476562}, "name": "Glass_77_3_3"}]}