{"chunks": [{"relative_position": {"y": -0.8649368286132812, "x": -0.003662109375, "z": 1.4008102416992188}, "name": "Glass_77_11_0"}, {"relative_position": {"y": -1.77142333984375, "x": -0.02508544921875, "z": 0.8950576782226562}, "name": "Glass_77_11_1"}, {"relative_position": {"y": 1.7287216186523438, "x": -0.02581787109375, "z": -0.3517951965332031}, "name": "Glass_77_11_2"}, {"relative_position": {"y": 0.3479156494140625, "x": 0.00494384765625, "z": -0.9104499816894531}, "name": "Glass_77_11_3"}]}