{"chunks": [{"relative_position": {"y": -0.04738616943359375, "x": 1.1212615966796875, "z": -1.4514083862304688}, "name": "Tape_9_0"}, {"relative_position": {"y": -0.35321807861328125, "x": -0.20581817626953125, "z": 0.141448974609375}, "name": "Tape_9_1"}, {"relative_position": {"y": -0.2831573486328125, "x": -0.49981689453125, "z": 0.6903495788574219}, "name": "Tape_9_2"}, {"relative_position": {"y": 0.11284637451171875, "x": -1.5718536376953125, "z": 2.0419769287109375}, "name": "Tape_9_3"}]}