{"chunks": [{"relative_position": {"y": -0.20569610595703125, "x": 0.09808349609375, "z": 1.6415653228759766}, "name": "ExhibitGlass_1.003_0"}, {"relative_position": {"y": -0.8500022888183594, "x": -0.1454315185546875, "z": -1.0885848999023438}, "name": "ExhibitGlass_1.003_1"}, {"relative_position": {"y": 0.1332244873046875, "x": -0.9635772705078125, "z": 1.147496223449707}, "name": "ExhibitGlass_1.003_2"}, {"relative_position": {"y": 0.1827545166015625, "x": 0.2444000244140625, "z": -1.773533821105957}, "name": "ExhibitGlass_1.003_3"}]}