{"chunks": [{"relative_position": {"y": -0.045501708984375, "x": -0.003215789794921875, "z": 1.8623676300048828}, "name": "Tape_5.003_0"}, {"relative_position": {"y": -0.2581825256347656, "x": -0.00463104248046875, "z": -0.8881378173828125}, "name": "Tape_5.003_1"}, {"relative_position": {"y": -0.3478355407714844, "x": -0.10584640502929688, "z": 0.5296182632446289}, "name": "Tape_5.003_2"}, {"relative_position": {"y": 0.221710205078125, "x": -0.0, "z": -2.9204673767089844}, "name": "Tape_5.003_3"}]}