{"chunks": [{"relative_position": {"y": 0.018829345703125, "x": 0.2662086486816406, "z": -1.0557594299316406}, "name": "Exhibition_18.003_1_0"}, {"relative_position": {"y": 0.00102996826171875, "x": -1.0752334594726562, "z": -0.6760444641113281}, "name": "Exhibition_18.003_1_1"}, {"relative_position": {"y": 0.00594329833984375, "x": 1.3267326354980469, "z": -0.5580558776855469}, "name": "Exhibition_18.003_1_2"}, {"relative_position": {"y": 0.01274871826171875, "x": 0.21121597290039062, "z": 0.9504165649414062}, "name": "Exhibition_18.003_1_3"}]}