{"chunks": [{"relative_position": {"y": 0.997528076171875, "x": 0.8664779663085938, "z": -2.9871883392333984}, "name": "Window_120_0"}, {"relative_position": {"y": -2.2960891723632812, "x": -1.829620361328125, "z": -2.1750144958496094}, "name": "Window_120_1"}, {"relative_position": {"y": -0.9056320190429688, "x": -0.37961578369140625, "z": -0.1824779510498047}, "name": "Window_120_2"}, {"relative_position": {"y": -0.16187286376953125, "x": -0.09131622314453125, "z": 3.6663169860839844}, "name": "Window_120_3"}]}