{"chunks": [{"relative_position": {"y": -0.0074748992919921875, "x": 1.0770797729492188, "z": -0.26116943359375}, "name": "StairsStep_36_0"}, {"relative_position": {"y": -0.05985069274902344, "x": -1.2650070190429688, "z": 1.42645263671875}, "name": "StairsStep_36_1"}, {"relative_position": {"y": 0.0059261322021484375, "x": -0.7071914672851562, "z": 1.2436370849609375}, "name": "StairsStep_36_2"}, {"relative_position": {"y": -0.0007781982421875, "x": -1.2933731079101562, "z": 0.1396026611328125}, "name": "StairsStep_36_3"}]}