{"chunks": [{"relative_position": {"y": -0.2518043518066406, "x": -0.5636405944824219, "z": -0.013355255126953125}, "name": "Glass_1_6_0"}, {"relative_position": {"y": -0.3762969970703125, "x": 0.8625955581665039, "z": -0.02733612060546875}, "name": "Glass_1_6_1"}, {"relative_position": {"y": 0.07606887817382812, "x": -0.09408092498779297, "z": -0.11213302612304688}, "name": "Glass_1_6_2"}, {"relative_position": {"y": 0.7416114807128906, "x": -0.5494604110717773, "z": -0.00084686279296875}, "name": "Glass_1_6_3"}]}