{"chunks": [{"relative_position": {"y": -2.1680908203125, "x": -1.4701995849609375, "z": 1.8072757720947266}, "name": "Window_85_0"}, {"relative_position": {"y": 1.3147659301757812, "x": 2.7047271728515625, "z": -1.0418720245361328}, "name": "Window_85_1"}, {"relative_position": {"y": 1.6286773681640625, "x": -1.7775192260742188, "z": -1.298874855041504}, "name": "Window_85_2"}, {"relative_position": {"y": 0.7327957153320312, "x": -0.20940780639648438, "z": -0.31759071350097656}, "name": "Window_85_3"}]}