{"chunks": [{"relative_position": {"y": -1.0002477169036865, "x": 1.7170829772949219, "z": 1.7340927124023438}, "name": "Tape_17_0"}, {"relative_position": {"y": -0.6470448970794678, "x": 0.5355186462402344, "z": 0.5582008361816406}, "name": "Tape_17_1"}, {"relative_position": {"y": -1.1259853839874268, "x": 2.521320343017578, "z": 2.7326812744140625}, "name": "Tape_17_2"}, {"relative_position": {"y": 0.8186459541320801, "x": -1.2844429016113281, "z": -1.3166542053222656}, "name": "Tape_17_3"}]}