{"chunks": [{"relative_position": {"y": 1.1014251708984375, "x": -0.5758819580078125, "z": 0.021965980529785156}, "name": "Window_8_5_0"}, {"relative_position": {"y": -1.6776809692382812, "x": 0.3446807861328125, "z": 0.010087013244628906}, "name": "Window_8_5_1"}, {"relative_position": {"y": -0.34552764892578125, "x": -1.69317626953125, "z": -0.011876106262207031}, "name": "Window_8_5_2"}, {"relative_position": {"y": 0.5068588256835938, "x": 1.174652099609375, "z": -0.01160430908203125}, "name": "Window_8_5_3"}]}