{"chunks": [{"relative_position": {"y": 0.4013671875, "x": 1.08514404296875, "z": -0.006892204284667969}, "name": "Window_8_8_0"}, {"relative_position": {"y": -0.9375152587890625, "x": 1.28436279296875, "z": 0.006786346435546875}, "name": "Window_8_8_1"}, {"relative_position": {"y": 1.3315811157226562, "x": -0.5982208251953125, "z": 0.01589202880859375}, "name": "Window_8_8_2"}, {"relative_position": {"y": -0.279449462890625, "x": -1.38433837890625, "z": -0.014096260070800781}, "name": "Window_8_8_3"}]}