{"chunks": [{"relative_position": {"y": 0.0064239501953125, "x": 1.166152000427246, "z": 0.7585945129394531}, "name": "Exhibition_19.002_0"}, {"relative_position": {"y": 0.00641632080078125, "x": 1.0553507804870605, "z": -0.7857017517089844}, "name": "Exhibition_19.002_1"}, {"relative_position": {"y": 0.00534820556640625, "x": -1.4338793754577637, "z": 0.0801849365234375}, "name": "Exhibition_19.002_2"}, {"relative_position": {"y": 0.048168182373046875, "x": 0.02063131332397461, "z": 0.24342727661132812}, "name": "Exhibition_19.002_3"}]}