{"chunks": [{"relative_position": {"y": 0.483123779296875, "x": 0.7809028625488281, "z": -0.0064182281494140625}, "name": "Glass_113_9_0"}, {"relative_position": {"y": -0.569122314453125, "x": 0.8795976638793945, "z": -0.013635635375976562}, "name": "Glass_113_9_1"}, {"relative_position": {"y": -0.33148193359375, "x": -0.22963237762451172, "z": 0.0808258056640625}, "name": "Glass_113_9_2"}, {"relative_position": {"y": 0.43177032470703125, "x": -0.9925146102905273, "z": -0.001239776611328125}, "name": "Glass_113_9_3"}]}