{"chunks": [{"relative_position": {"y": 0.0644683837890625, "x": 0.7554588317871094, "z": 0.04628753662109375}, "name": "Glass_113_7_0"}, {"relative_position": {"y": -0.31325531005859375, "x": 0.21664881706237793, "z": -0.01273345947265625}, "name": "Glass_113_7_1"}, {"relative_position": {"y": -0.160491943359375, "x": -0.6648082733154297, "z": 0.01593780517578125}, "name": "Glass_113_7_2"}, {"relative_position": {"y": 0.37005615234375, "x": -0.6278846263885498, "z": -0.000522613525390625}, "name": "Glass_113_7_3"}]}