{"chunks": [{"relative_position": {"y": 0.1643505096435547, "x": 1.4342041015625, "z": -1.2842559814453125}, "name": "Barrier_207_0"}, {"relative_position": {"y": 0.09499740600585938, "x": -0.996856689453125, "z": 2.3661956787109375}, "name": "Barrier_207_1"}, {"relative_position": {"y": 1.1747589111328125, "x": -0.3366851806640625, "z": -0.08306884765625}, "name": "Barrier_207_2"}, {"relative_position": {"y": 0.12964248657226562, "x": -0.7867050170898438, "z": -0.8638916015625}, "name": "Barrier_207_3"}]}