{"chunks": [{"relative_position": {"z": 0.00920867919921875, "x": 1.0089950561523438, "y": 0.0447235107421875}, "name": "Barrier_163_0"}, {"relative_position": {"z": -0.013797760009765625, "x": 0.5121440887451172, "y": 0.7985076904296875}, "name": "Barrier_163_1"}, {"relative_position": {"z": -0.01103973388671875, "x": -0.632598876953125, "y": -0.58868408203125}, "name": "Barrier_163_2"}, {"relative_position": {"z": 0.011058807373046875, "x": -0.6311416625976562, "y": 0.6468734741210938}, "name": "Barrier_163_3"}]}