{"chunks": [{"relative_position": {"y": 1.2508583068847656, "x": 0.02291107177734375, "z": 0.2752571105957031}, "name": "Glass_49_4_0"}, {"relative_position": {"y": -1.1953620910644531, "x": 0.0098114013671875, "z": -0.5336532592773438}, "name": "Glass_49_4_1"}, {"relative_position": {"y": -1.00213623046875, "x": -0.00244903564453125, "z": 0.3451080322265625}, "name": "Glass_49_4_2"}, {"relative_position": {"y": 0.3137931823730469, "x": -0.0040435791015625, "z": -0.3183403015136719}, "name": "Glass_49_4_3"}]}