{"chunks": [{"relative_position": {"y": 0.032924652099609375, "x": 0.08925628662109375, "z": 0.028125762939453125}, "name": "Glass_49_0_0"}, {"relative_position": {"y": -0.9746894836425781, "x": -0.00167083740234375, "z": 0.2905235290527344}, "name": "Glass_49_0_1"}, {"relative_position": {"y": 0.5742416381835938, "x": -0.0109405517578125, "z": 0.6540679931640625}, "name": "Glass_49_0_2"}, {"relative_position": {"y": 0.5855216979980469, "x": -0.00141143798828125, "z": -0.2983360290527344}, "name": "Glass_49_0_3"}]}