{"chunks": [{"relative_position": {"y": -0.4090232849121094, "x": -0.007171630859375, "z": -1.0610275268554688}, "name": "Glass_49_8_0"}, {"relative_position": {"y": -0.021129608154296875, "x": -0.10141754150390625, "z": 0.034618377685546875}, "name": "Glass_49_8_1"}, {"relative_position": {"y": -1.9152679443359375, "x": -0.01418304443359375, "z": 0.2281951904296875}, "name": "Glass_49_8_2"}, {"relative_position": {"y": 1.8501358032226562, "x": -0.00046539306640625, "z": 0.178314208984375}, "name": "Glass_49_8_3"}]}