{"chunks": [{"relative_position": {"y": 0.9629020690917969, "x": -0.00847625732421875, "z": -0.4128570556640625}, "name": "Glass_49_1_0"}, {"relative_position": {"y": -0.5836257934570312, "x": -0.00731658935546875, "z": -0.4647789001464844}, "name": "Glass_49_1_1"}, {"relative_position": {"y": -0.3469963073730469, "x": -0.014068603515625, "z": 0.5056343078613281}, "name": "Glass_49_1_2"}, {"relative_position": {"y": 0.3976402282714844, "x": -0.093414306640625, "z": -0.5063896179199219}, "name": "Glass_49_1_3"}]}