{"chunks": [{"relative_position": {"y": 0.012073516845703125, "x": 1.7515106201171875, "z": 0.016632080078125}, "name": "StairsStep_192_0"}, {"relative_position": {"y": 0.00470733642578125, "x": 0.3382720947265625, "z": -0.5024261474609375}, "name": "StairsStep_192_1"}, {"relative_position": {"y": 0.00313568115234375, "x": -1.6311492919921875, "z": -0.039459228515625}, "name": "StairsStep_192_2"}, {"relative_position": {"y": 0.10288238525390625, "x": -0.4377593994140625, "z": -0.36440277099609375}, "name": "StairsStep_192_3"}]}