{"chunks": [{"relative_position": {"y": 2.392974853515625, "x": 2.0239105224609375, "z": -0.600494384765625}, "name": "Window_70_0"}, {"relative_position": {"y": -1.597137451171875, "x": -1.269622802734375, "z": -2.7132492065429688}, "name": "Window_70_1"}, {"relative_position": {"y": 0.1533355712890625, "x": 0.095306396484375, "z": 3.0543594360351562}, "name": "Window_70_2"}, {"relative_position": {"y": 1.6689605712890625, "x": 1.2836990356445312, "z": -2.4119873046875}, "name": "Window_70_3"}]}