{"chunks": [{"relative_position": {"y": 0.727447509765625, "x": 0.6657333374023438, "z": -0.9576416015625}, "name": "Window_70_0_0"}, {"relative_position": {"y": -0.7308349609375, "x": -0.6084671020507812, "z": 0.9892044067382812}, "name": "Window_70_0_1"}, {"relative_position": {"y": 0.9128341674804688, "x": 0.629852294921875, "z": 1.2629814147949219}, "name": "Window_70_0_2"}, {"relative_position": {"y": -0.837738037109375, "x": -0.579620361328125, "z": -1.2423248291015625}, "name": "Window_70_0_3"}]}