{"chunks": [{"relative_position": {"y": 0.01207733154296875, "x": -0.004413604736328125, "z": -1.6015052795410156}, "name": "StairsStep_135_0"}, {"relative_position": {"y": -0.018093109130859375, "x": -0.41382598876953125, "z": 0.44649505615234375}, "name": "StairsStep_135_1"}, {"relative_position": {"y": -0.018093109130859375, "x": 0.4230918884277344, "z": -0.08890151977539062}, "name": "StairsStep_135_2"}, {"relative_position": {"y": 0.012088775634765625, "x": 0.005199432373046875, "z": 1.8211402893066406}, "name": "StairsStep_135_3"}]}