{"chunks": [{"relative_position": {"y": -0.9574928283691406, "x": 2.0145416259765625, "z": -0.0590057373046875}, "name": "Window_47_0"}, {"relative_position": {"y": -5.339033126831055, "x": -0.0490264892578125, "z": -0.222869873046875}, "name": "Window_47_1"}, {"relative_position": {"y": 4.83251953125, "x": -0.0460357666015625, "z": 0.2232666015625}, "name": "Window_47_2"}, {"relative_position": {"y": 0.18041229248046875, "x": -2.063812255859375, "z": -0.009124755859375}, "name": "Window_47_3"}]}