{"chunks": [{"relative_position": {"y": -0.3600006103515625, "x": -0.026580810546875, "z": -0.01910400390625}, "name": "Tape_6_0"}, {"relative_position": {"y": -0.02269744873046875, "x": -1.99725341796875, "z": 0.04776763916015625}, "name": "Tape_6_1"}, {"relative_position": {"y": -0.0352020263671875, "x": 1.9518356323242188, "z": -0.00157928466796875}, "name": "Tape_6_2"}, {"relative_position": {"y": -0.022552490234375, "x": -2.0010757446289062, "z": -0.0783538818359375}, "name": "Tape_6_3"}]}