{"chunks": [{"relative_position": {"y": 0.001399993896484375, "x": 0.05861663818359375, "z": 1.6374168395996094}, "name": "StairsStep_139_0"}, {"relative_position": {"y": -0.00678253173828125, "x": -0.0031585693359375, "z": -2.12567138671875}, "name": "StairsStep_139_1"}, {"relative_position": {"y": 0.0058441162109375, "x": -0.5018386840820312, "z": 0.01520538330078125}, "name": "StairsStep_139_2"}, {"relative_position": {"y": 0.0985107421875, "x": -0.005523681640625, "z": -1.1694908142089844}, "name": "StairsStep_139_3"}]}