{"chunks": [{"relative_position": {"z": 0.009205818176269531, "x": 0.9259786605834961, "y": -0.01013946533203125}, "name": "Barrier_137_0"}, {"relative_position": {"z": 0.011026382446289062, "x": -0.6363029479980469, "y": -0.6080169677734375}, "name": "Barrier_137_1"}, {"relative_position": {"z": 0.08280467987060547, "x": -0.10498523712158203, "y": -0.03782844543457031}, "name": "Barrier_137_2"}, {"relative_position": {"z": 0.011026382446289062, "x": -0.6346807479858398, "y": 0.5897579193115234}, "name": "Barrier_137_3"}]}