{"chunks": [{"relative_position": {"y": 0.018115997314453125, "x": 0.611572265625, "z": -0.45484161376953125}, "name": "StairsStep_178_0"}, {"relative_position": {"y": -0.03040313720703125, "x": -1.6018142700195312, "z": -0.4645538330078125}, "name": "StairsStep_178_1"}, {"relative_position": {"y": -0.012065887451171875, "x": 1.8619232177734375, "z": 0.02068328857421875}, "name": "StairsStep_178_2"}, {"relative_position": {"y": 0.022968292236328125, "x": -1.9423065185546875, "z": 0.01721954345703125}, "name": "StairsStep_178_3"}]}