{"chunks": [{"relative_position": {"y": 0.01448822021484375, "x": 1.6236572265625, "z": 0.3251018524169922}, "name": "StairsStep_95_0"}, {"relative_position": {"y": 0.01448822021484375, "x": 1.61932373046875, "z": -0.38092041015625}, "name": "StairsStep_95_1"}, {"relative_position": {"y": 0.012073516845703125, "x": -1.5333480834960938, "z": -0.03346824645996094}, "name": "StairsStep_95_2"}, {"relative_position": {"y": 0.10868072509765625, "x": 0.1891460418701172, "z": -0.12026596069335938}, "name": "StairsStep_95_3"}]}