{"chunks": [{"relative_position": {"y": -0.01207733154296875, "x": -0.02733612060546875, "z": 1.5924854278564453}, "name": "StairsStep_94_0"}, {"relative_position": {"y": 0.0303802490234375, "x": 0.016094207763671875, "z": -2.0000762939453125}, "name": "StairsStep_94_1"}, {"relative_position": {"y": -0.021514892578125, "x": -0.5186653137207031, "z": -1.5774078369140625}, "name": "StairsStep_94_2"}, {"relative_position": {"y": 0.01812744140625, "x": -0.4673728942871094, "z": 0.2846088409423828}, "name": "StairsStep_94_3"}]}