{"chunks": [{"relative_position": {"z": 0.00920724868774414, "x": 0.9273529052734375, "y": 0.0122528076171875}, "name": "Barrier_203_0"}, {"relative_position": {"z": 0.01102447509765625, "x": -0.6006202697753906, "y": -0.6022872924804688}, "name": "Barrier_203_1"}, {"relative_position": {"z": 0.08280038833618164, "x": -0.012012481689453125, "y": 0.04084014892578125}, "name": "Barrier_203_2"}, {"relative_position": {"z": 0.01102447509765625, "x": -0.6099720001220703, "y": 0.6035385131835938}, "name": "Barrier_203_3"}]}