{"chunks": [{"relative_position": {"y": 0.0038318634033203125, "x": 1.5954341888427734, "z": 0.3517723083496094}, "name": "StairsStep_103_0"}, {"relative_position": {"y": 0.01448822021484375, "x": 1.5608863830566406, "z": -0.37067413330078125}, "name": "StairsStep_103_1"}, {"relative_position": {"y": 0.0031871795654296875, "x": -1.5461559295654297, "z": 0.0488739013671875}, "name": "StairsStep_103_2"}, {"relative_position": {"y": 0.10298347473144531, "x": -0.07429885864257812, "z": 0.3738136291503906}, "name": "StairsStep_103_3"}]}