{"chunks": [{"relative_position": {"y": -0.046512603759765625, "x": 0.0046844482421875, "z": -1.8508968353271484}, "name": "Tape_5.001_0"}, {"relative_position": {"y": -0.04901123046875, "x": 0.00154876708984375, "z": 1.6805248260498047}, "name": "Tape_5.001_1"}, {"relative_position": {"y": 0.6063385009765625, "x": -0.09925460815429688, "z": 3.8315982818603516}, "name": "Tape_5.001_2"}, {"relative_position": {"y": -0.3575897216796875, "x": -0.08639144897460938, "z": -0.31311798095703125}, "name": "Tape_5.001_3"}]}