{"chunks": [{"relative_position": {"y": 0.01207733154296875, "x": 1.7032546997070312, "z": 0.009521484375}, "name": "StairsStep_176_0"}, {"relative_position": {"y": -0.0180816650390625, "x": -0.17755889892578125, "z": -0.42235565185546875}, "name": "StairsStep_176_1"}, {"relative_position": {"y": -0.0180816650390625, "x": 0.28424072265625, "z": 0.423675537109375}, "name": "StairsStep_176_2"}, {"relative_position": {"y": 0.012096405029296875, "x": -1.6431121826171875, "z": 0.02069091796875}, "name": "StairsStep_176_3"}]}