{"chunks": [{"relative_position": {"y": 0.007472991943359375, "x": 1.066802978515625, "z": 0.391571044921875}, "name": "StairsStep_37_0"}, {"relative_position": {"y": -0.011228561401367188, "x": 0.1371917724609375, "z": 0.63031005859375}, "name": "StairsStep_37_1"}, {"relative_position": {"y": 0.008953094482421875, "x": -1.3859939575195312, "z": 0.5229644775390625}, "name": "StairsStep_37_2"}, {"relative_position": {"y": -0.008981704711914062, "x": -0.902252197265625, "z": -0.677978515625}, "name": "StairsStep_37_3"}]}