{"chunks": [{"relative_position": {"y": 0.5970077514648438, "x": -0.00836944580078125, "z": 1.3733553886413574}, "name": "ExhibitGlass_1.002_0"}, {"relative_position": {"y": -0.7395706176757812, "x": 0.00771331787109375, "z": 1.2915059328079224}, "name": "ExhibitGlass_1.002_1"}, {"relative_position": {"y": -0.016605377197265625, "x": -0.6787490844726562, "z": -1.3255085945129395}, "name": "ExhibitGlass_1.002_2"}, {"relative_position": {"y": -0.00017547607421875, "x": 0.673004150390625, "z": -1.3356003761291504}, "name": "ExhibitGlass_1.002_3"}]}