{"chunks": [{"relative_position": {"y": -0.008968114852905273, "x": 1.0837631225585938, "z": 0.2203216552734375}, "name": "StairsStep_20_0"}, {"relative_position": {"y": -0.008943796157836914, "x": 0.637542724609375, "z": -0.922760009765625}, "name": "StairsStep_20_1"}, {"relative_position": {"y": -0.06719779968261719, "x": -0.0142364501953125, "z": -0.0059051513671875}, "name": "StairsStep_20_2"}, {"relative_position": {"y": -0.007453203201293945, "x": -1.01239013671875, "z": 0.3432769775390625}, "name": "StairsStep_20_3"}]}