{"chunks": [{"relative_position": {"y": -0.012439727783203125, "x": 0.387054443359375, "z": -1.7811946868896484}, "name": "StairsStep_79_0"}, {"relative_position": {"y": 0.0144805908203125, "x": -0.328460693359375, "z": -1.617544174194336}, "name": "StairsStep_79_1"}, {"relative_position": {"y": -0.010379791259765625, "x": 0.0505523681640625, "z": 1.54302978515625}, "name": "StairsStep_79_2"}, {"relative_position": {"y": 0.0758514404296875, "x": 0.396392822265625, "z": -0.22453880310058594}, "name": "StairsStep_79_3"}]}