{"chunks": [{"relative_position": {"y": -0.008968353271484375, "x": 1.2692337036132812, "z": 0.5724334716796875}, "name": "StairsStep_1_0"}, {"relative_position": {"y": -0.0074939727783203125, "x": -0.7874526977539062, "z": -0.8427734375}, "name": "StairsStep_1_1"}, {"relative_position": {"y": 0.008943557739257812, "x": 0.10863494873046875, "z": 1.2328643798828125}, "name": "StairsStep_1_2"}, {"relative_position": {"y": 0.011178970336914062, "x": 0.32366943359375, "z": -0.46282958984375}, "name": "StairsStep_1_3"}]}