{"chunks": [{"relative_position": {"y": -0.007472991943359375, "x": 0.9651031494140625, "z": -0.5575408935546875}, "name": "StairsStep_46_0"}, {"relative_position": {"y": -0.008981704711914062, "x": -1.1365280151367188, "z": 1.07098388671875}, "name": "StairsStep_46_1"}, {"relative_position": {"y": 0.01119232177734375, "x": 0.0536651611328125, "z": 0.7402496337890625}, "name": "StairsStep_46_2"}, {"relative_position": {"y": 0.008955001831054688, "x": -1.3039627075195312, "z": -0.4010162353515625}, "name": "StairsStep_46_3"}]}