{"chunks": [{"relative_position": {"y": 0.3554573059082031, "x": -3.814697265625e-06, "z": -3.3034229278564453}, "name": "Tape_5.002_0"}, {"relative_position": {"y": -0.3434638977050781, "x": -0.11655807495117188, "z": 0.10245513916015625}, "name": "Tape_5.002_1"}, {"relative_position": {"y": -0.18531417846679688, "x": -0.007518768310546875, "z": -1.2101802825927734}, "name": "Tape_5.002_2"}, {"relative_position": {"y": -0.04747772216796875, "x": -0.007518768310546875, "z": 1.8125638961791992}, "name": "Tape_5.002_3"}]}