{"chunks": [{"relative_position": {"y": -1.2944412231445312, "x": -2.527682304382324, "z": 3.5285491943359375}, "name": "Window_166_0"}, {"relative_position": {"y": 0.033321380615234375, "x": 4.607423782348633, "z": 0.0257415771484375}, "name": "Window_166_1"}, {"relative_position": {"y": 0.9573554992675781, "x": -2.9530506134033203, "z": -3.0707855224609375}, "name": "Window_166_2"}, {"relative_position": {"y": -0.4852142333984375, "x": -5.358499526977539, "z": 1.6730499267578125}, "name": "Window_166_3"}]}