{"chunks": [{"relative_position": {"y": 0.014492034912109375, "x": 1.7501449584960938, "z": -0.28308868408203125}, "name": "StairsStep_180_0"}, {"relative_position": {"y": -0.018085479736328125, "x": -0.6795120239257812, "z": -0.43427276611328125}, "name": "StairsStep_180_1"}, {"relative_position": {"y": -0.01446533203125, "x": 1.6719741821289062, "z": 0.3606719970703125}, "name": "StairsStep_180_2"}, {"relative_position": {"y": 0.012096405029296875, "x": -1.8859024047851562, "z": 0.02008056640625}, "name": "StairsStep_180_3"}]}