{"chunks": [{"relative_position": {"y": -0.0672583281993866, "x": 0.0560302734375, "z": 0.048797607421875}, "name": "StairsStep_17_0"}, {"relative_position": {"y": -0.008992105722427368, "x": -1.0646133422851562, "z": -0.3447265625}, "name": "StairsStep_17_1"}, {"relative_position": {"y": -0.007493436336517334, "x": 0.589508056640625, "z": 0.915130615234375}, "name": "StairsStep_17_2"}, {"relative_position": {"y": -0.008992105722427368, "x": -0.066436767578125, "z": -1.0942840576171875}, "name": "StairsStep_17_3"}]}