{"chunks": [{"relative_position": {"y": 0.0181121826171875, "x": 0.2120952606201172, "z": 0.4549102783203125}, "name": "StairsStep_99_0"}, {"relative_position": {"y": -0.0144805908203125, "x": 1.943613052368164, "z": 0.39470672607421875}, "name": "StairsStep_99_1"}, {"relative_position": {"y": -0.012067794799804688, "x": -1.5491561889648438, "z": 0.0077056884765625}, "name": "StairsStep_99_2"}, {"relative_position": {"y": 0.014501571655273438, "x": 1.649435043334961, "z": -0.26937103271484375}, "name": "StairsStep_99_3"}]}