{"chunks": [{"relative_position": {"z": 0.013599395751953125, "x": 0.9934539794921875, "y": 0.5329513549804688}, "name": "Barrier_219_0"}, {"relative_position": {"z": 0.013616561889648438, "x": -0.8683319091796875, "y": -0.6290206909179688}, "name": "Barrier_219_1"}, {"relative_position": {"z": -0.013582229614257812, "x": -0.8890380859375, "y": 0.5611724853515625}, "name": "Barrier_219_2"}, {"relative_position": {"z": -0.013582229614257812, "x": 1.00482177734375, "y": -0.6364212036132812}, "name": "Barrier_219_3"}]}