{"chunks": [{"relative_position": {"y": 0.01207733154296875, "x": 1.9235763549804688, "z": -0.012969970703125}, "name": "StairsStep_145_0"}, {"relative_position": {"y": 0.0146636962890625, "x": 0.7476119995117188, "z": -0.5293426513671875}, "name": "StairsStep_145_1"}, {"relative_position": {"y": 0.009777069091796875, "x": -1.5607833862304688, "z": -0.048259735107421875}, "name": "StairsStep_145_2"}, {"relative_position": {"y": 0.11615753173828125, "x": -0.03070068359375, "z": -0.4292182922363281}, "name": "StairsStep_145_3"}]}