{"chunks": [{"relative_position": {"y": 0.01448822021484375, "x": 0.32511138916015625, "z": -1.5595436096191406}, "name": "StairsStep_133_0"}, {"relative_position": {"y": -0.00844573974609375, "x": -0.4045524597167969, "z": -1.5305404663085938}, "name": "StairsStep_133_1"}, {"relative_position": {"y": -0.0070343017578125, "x": -0.04296112060546875, "z": 1.6001052856445312}, "name": "StairsStep_133_2"}, {"relative_position": {"y": 0.0825347900390625, "x": -0.36602783203125, "z": 0.28324127197265625}, "name": "StairsStep_133_3"}]}