{"chunks": [{"relative_position": {"z": 0.9763951301574707, "x": -0.0138092041015625, "y": -0.07735443115234375}, "name": "Barrier_182_0"}, {"relative_position": {"z": 0.575763463973999, "x": 0.011043548583984375, "y": -0.8072509765625}, "name": "Barrier_182_1"}, {"relative_position": {"z": -0.9787673950195312, "x": -0.009212493896484375, "y": -0.00281524658203125}, "name": "Barrier_182_2"}, {"relative_position": {"z": 0.5706882476806641, "x": 0.011043548583984375, "y": 0.746917724609375}, "name": "Barrier_182_3"}]}