{"chunks": [{"relative_position": {"y": -0.01448822021484375, "x": -0.2547607421875, "z": 1.7363834381103516}, "name": "StairsStep_87_0"}, {"relative_position": {"y": -0.01450347900390625, "x": 0.5111045837402344, "z": -1.4721908569335938}, "name": "StairsStep_87_1"}, {"relative_position": {"y": 0.0144805908203125, "x": -0.22043991088867188, "z": -1.5716304779052734}, "name": "StairsStep_87_2"}, {"relative_position": {"y": 0.0144805908203125, "x": 0.38285064697265625, "z": 1.8038616180419922}, "name": "StairsStep_87_3"}]}