{"chunks": [{"relative_position": {"y": 0.04819488525390625, "x": 0.125701904296875, "z": -0.10011672973632812}, "name": "Exhibition_19.014_0"}, {"relative_position": {"y": 0.006458282470703125, "x": -0.9539070129394531, "z": -0.8523521423339844}, "name": "Exhibition_19.014_1"}, {"relative_position": {"y": 0.005382537841796875, "x": 1.4847679138183594, "z": -0.031314849853515625}, "name": "Exhibition_19.014_2"}, {"relative_position": {"y": 0.006458282470703125, "x": -1.1341438293457031, "z": 0.6603012084960938}, "name": "Exhibition_19.014_3"}]}