{"chunks": [{"relative_position": {"y": -0.008967399597167969, "x": 1.122467041015625, "z": -0.4285736083984375}, "name": "StairsStep_8_0"}, {"relative_position": {"y": -0.0074939727783203125, "x": -0.551361083984375, "z": 1.10614013671875}, "name": "StairsStep_8_1"}, {"relative_position": {"y": 0.011178970336914062, "x": 0.03459930419921875, "z": 0.8882598876953125}, "name": "StairsStep_8_2"}, {"relative_position": {"y": 0.008942604064941406, "x": 0.06029510498046875, "z": -1.1212158203125}, "name": "StairsStep_8_3"}]}