{"chunks": [{"relative_position": {"y": -0.0049591064453125, "x": 0.30144500732421875, "z": -0.006832122802734375}, "name": "Glass_85_13_0"}, {"relative_position": {"y": -0.5962295532226562, "x": -0.33502960205078125, "z": 0.01486968994140625}, "name": "Glass_85_13_1"}, {"relative_position": {"y": 0.6433486938476562, "x": 0.4021759033203125, "z": 0.0240936279296875}, "name": "Glass_85_13_2"}, {"relative_position": {"y": 0.10204315185546875, "x": -0.143463134765625, "z": -0.070465087890625}, "name": "Glass_85_13_3"}]}