{"chunks": [{"relative_position": {"y": -0.37902069091796875, "x": 0.18951416015625, "z": 0.09352874755859375}, "name": "Glass_85_21_0"}, {"relative_position": {"y": -0.8992462158203125, "x": 0.26666259765625, "z": 0.0213623046875}, "name": "Glass_85_21_1"}, {"relative_position": {"y": -0.12615203857421875, "x": -0.475372314453125, "z": 0.01743316650390625}, "name": "Glass_85_21_2"}, {"relative_position": {"y": 0.7702102661132812, "x": -0.0064849853515625, "z": -0.040126800537109375}, "name": "Glass_85_21_3"}]}