{"chunks": [{"relative_position": {"y": -0.3408355712890625, "x": -1.4928436279296875, "z": -0.06549453735351562}, "name": "Glass_85_20_0"}, {"relative_position": {"y": -1.388641357421875, "x": -0.4094390869140625, "z": 0.01390838623046875}, "name": "Glass_85_20_1"}, {"relative_position": {"y": 0.1691436767578125, "x": 1.0569610595703125, "z": -0.02025604248046875}, "name": "Glass_85_20_2"}, {"relative_position": {"y": 0.9543991088867188, "x": -0.9122772216796875, "z": -0.0100860595703125}, "name": "Glass_85_20_3"}]}