{"chunks": [{"relative_position": {"y": 0.03908729553222656, "x": 0.5039520263671875, "z": 2.2288742065429688}, "name": "Tape_20_0"}, {"relative_position": {"y": -0.3435838222503662, "x": 0.06980133056640625, "z": 0.2557868957519531}, "name": "Tape_20_1"}, {"relative_position": {"y": -0.16813373565673828, "x": -0.37230682373046875, "z": -1.4382591247558594}, "name": "Tape_20_2"}, {"relative_position": {"y": -0.007374286651611328, "x": -0.404296875, "z": -1.9992294311523438}, "name": "Tape_20_3"}]}