{"chunks": [{"relative_position": {"z": -0.011196136474609375, "x": 1.0435562133789062, "y": -0.4995403289794922}, "name": "Barrier_17_0"}, {"relative_position": {"z": 0.011168479919433594, "x": -0.5324554443359375, "y": -0.6576900482177734}, "name": "Barrier_17_1"}, {"relative_position": {"z": 0.011168479919433594, "x": 0.9880218505859375, "y": 0.6382560729980469}, "name": "Barrier_17_2"}, {"relative_position": {"z": -0.011223793029785156, "x": -0.5927047729492188, "y": 0.6127033233642578}, "name": "Barrier_17_3"}]}