{"chunks": [{"relative_position": {"y": -0.01207733154296875, "x": 1.5429916381835938, "z": 0.00388336181640625}, "name": "StairsStep_185_0"}, {"relative_position": {"y": -0.01446533203125, "x": -1.5589752197265625, "z": -0.294036865234375}, "name": "StairsStep_185_1"}, {"relative_position": {"y": -0.10861968994140625, "x": 0.03836822509765625, "z": 0.0196685791015625}, "name": "StairsStep_185_2"}, {"relative_position": {"y": -0.01446533203125, "x": -1.5195999145507812, "z": 0.4145050048828125}, "name": "StairsStep_185_3"}]}