{"chunks": [{"relative_position": {"z": 0.08397102355957031, "x": -0.276153564453125, "y": 0.027370452880859375}, "name": "Barrier_21_0"}, {"relative_position": {"z": 0.011221885681152344, "x": 0.51861572265625, "y": -0.6658878326416016}, "name": "Barrier_21_1"}, {"relative_position": {"z": 0.009351730346679688, "x": -1.0327606201171875, "y": 0.0092315673828125}, "name": "Barrier_21_2"}, {"relative_position": {"z": 0.011221885681152344, "x": 0.5534133911132812, "y": 0.6443367004394531}, "name": "Barrier_21_3"}]}