{"chunks": [{"relative_position": {"z": -0.8243522644042969, "x": 0.01104736328125, "y": 0.6075363159179688}, "name": "Barrier_180_0"}, {"relative_position": {"z": -0.7539777755737305, "x": -0.01104736328125, "y": -0.5628509521484375}, "name": "Barrier_180_1"}, {"relative_position": {"z": 0.7782402038574219, "x": 0.01104736328125, "y": -0.49086761474609375}, "name": "Barrier_180_2"}, {"relative_position": {"z": 0.6937541961669922, "x": -0.01104736328125, "y": 0.6852493286132812}, "name": "Barrier_180_3"}]}