{"chunks": [{"relative_position": {"y": 0.5976638793945312, "x": 0.46062469482421875, "z": 0.4686087369918823}, "name": "Window_119_3_0"}, {"relative_position": {"y": -0.434967041015625, "x": -0.338775634765625, "z": 0.6050236225128174}, "name": "Window_119_3_1"}, {"relative_position": {"y": 0.4046478271484375, "x": -0.056793212890625, "z": -0.3781013488769531}, "name": "Window_119_3_2"}, {"relative_position": {"y": -0.3507537841796875, "x": -0.246429443359375, "z": -1.0286598205566406}, "name": "Window_119_3_3"}]}