{"chunks": [{"relative_position": {"y": 0.47174835205078125, "x": 0.453094482421875, "z": 1.240736961364746}, "name": "Window_119_6_0"}, {"relative_position": {"y": -0.3385009765625, "x": -0.1128692626953125, "z": -1.2393426895141602}, "name": "Window_119_6_1"}, {"relative_position": {"y": -0.4336395263671875, "x": -0.3599853515625, "z": -0.005245208740234375}, "name": "Window_119_6_2"}, {"relative_position": {"y": 0.45796966552734375, "x": 0.3431396484375, "z": -0.42026472091674805}, "name": "Window_119_6_3"}]}