{"chunks": [{"relative_position": {"y": 0.790374755859375, "x": 0.5167083740234375, "z": -0.6571778059005737}, "name": "Window_119_2_0"}, {"relative_position": {"y": -0.8763427734375, "x": -0.877410888671875, "z": -0.22884559631347656}, "name": "Window_119_2_1"}, {"relative_position": {"y": 0.6683120727539062, "x": 0.8600006103515625, "z": -0.5694754123687744}, "name": "Window_119_2_2"}, {"relative_position": {"y": 0.8308563232421875, "x": 0.7478790283203125, "z": 0.8149778246879578}, "name": "Window_119_2_3"}]}