{"chunks": [{"relative_position": {"y": -0.0462646484375, "x": -1.862213134765625, "z": -0.0034332275390625}, "name": "Tape_1_0"}, {"relative_position": {"y": -0.3105316162109375, "x": 0.58099365234375, "z": -0.004669189453125}, "name": "Tape_1_1"}, {"relative_position": {"y": -0.35507965087890625, "x": -0.4058380126953125, "z": -0.0973663330078125}, "name": "Tape_1_2"}, {"relative_position": {"y": 0.11765289306640625, "x": 2.5875396728515625, "z": -0.0}, "name": "Tape_1_3"}]}