{"chunks": [{"relative_position": {"z": -0.8197040557861328, "x": -0.011196136474609375, "y": 0.32939720153808594}, "name": "Barrier_28_0"}, {"relative_position": {"z": 0.7898197174072266, "x": -0.0112152099609375, "y": -0.7800235748291016}, "name": "Barrier_28_1"}, {"relative_position": {"z": -0.7383632659912109, "x": 0.01117706298828125, "y": -0.8416118621826172}, "name": "Barrier_28_2"}, {"relative_position": {"z": 0.7855987548828125, "x": 0.01117706298828125, "y": 0.39554786682128906}, "name": "Barrier_28_3"}]}