{"chunks": [{"relative_position": {"y": 0.29248809814453125, "x": 0.0063762664794921875, "z": 0.5915641784667969}, "name": "Window_124_0"}, {"relative_position": {"y": 0.09876251220703125, "x": 3.5034866333007812, "z": 0.11965179443359375}, "name": "Window_124_1"}, {"relative_position": {"y": -1.35101318359375, "x": -2.5803050994873047, "z": -1.0587615966796875}, "name": "Window_124_2"}, {"relative_position": {"y": 1.9195938110351562, "x": -2.3345260620117188, "z": 1.6186676025390625}, "name": "Window_124_3"}]}