{"chunks": [{"relative_position": {"z": -0.010309696197509766, "x": 0.79046630859375, "y": -0.525177001953125}, "name": "Barrier_204_0"}, {"relative_position": {"z": -0.09082317352294922, "x": 0.9032840728759766, "y": 0.1450653076171875}, "name": "Barrier_204_1"}, {"relative_position": {"z": -0.009204387664794922, "x": -0.93255615234375, "y": 0.0103912353515625}, "name": "Barrier_204_2"}, {"relative_position": {"z": -0.010301589965820312, "x": 0.7158908843994141, "y": 0.6720733642578125}, "name": "Barrier_204_3"}]}