{"chunks": [{"relative_position": {"y": -3.9123001098632812, "x": 2.9515457153320312, "z": -0.013599395751953125}, "name": "Window_37_0"}, {"relative_position": {"y": -2.88116455078125, "x": -4.386871337890625, "z": 0.013580322265625}, "name": "Window_37_1"}, {"relative_position": {"y": 3.53326416015625, "x": 3.6535797119140625, "z": 0.013584136962890625}, "name": "Window_37_2"}, {"relative_position": {"y": 4.539337158203125, "x": -3.6717453002929688, "z": -0.01361846923828125}, "name": "Window_37_3"}]}