{"chunks": [{"relative_position": {"y": -0.5158481597900391, "x": 0.08495330810546875, "z": 0.6079750061035156}, "name": "Glass_82_18_0"}, {"relative_position": {"y": -1.047515869140625, "x": 0.0064239501953125, "z": -0.4162635803222656}, "name": "Glass_82_18_1"}, {"relative_position": {"y": 0.4542980194091797, "x": -0.00417327880859375, "z": 0.8458518981933594}, "name": "Glass_82_18_2"}, {"relative_position": {"y": 1.0112953186035156, "x": -0.00720977783203125, "z": 0.2584266662597656}, "name": "Glass_82_18_3"}]}