{"chunks": [{"relative_position": {"y": 0.00557708740234375, "x": -0.0027313232421875, "z": 1.3664093017578125}, "name": "Window_44_4_0"}, {"relative_position": {"y": 0.2322540283203125, "x": -0.00238037109375, "z": -1.1254425048828125}, "name": "Window_44_4_1"}, {"relative_position": {"y": -0.9759597778320312, "x": -0.027496337890625, "z": -0.5334548950195312}, "name": "Window_44_4_2"}, {"relative_position": {"y": 0.9858016967773438, "x": -0.0432281494140625, "z": 0.4466094970703125}, "name": "Window_44_4_3"}]}