{"chunks": [{"relative_position": {"y": -0.00031280517578125, "x": 4.5640106201171875, "z": -0.011331558227539062}, "name": "Glass_11_0"}, {"relative_position": {"y": -2.8876991271972656, "x": 0.3433952331542969, "z": 0.016979217529296875}, "name": "Glass_11_1"}, {"relative_position": {"y": 3.2508392333984375, "x": -2.710542678833008, "z": 0.013584136962890625}, "name": "Glass_11_2"}, {"relative_position": {"y": -1.3505897521972656, "x": -4.4423828125, "z": -0.013614654541015625}, "name": "Glass_11_3"}]}