{"chunks": [{"relative_position": {"y": 0.01207733154296875, "x": 1.53558349609375, "z": -0.0190277099609375}, "name": "StairsStep_205_0"}, {"relative_position": {"y": -0.015987396240234375, "x": -1.731170654296875, "z": -0.41327667236328125}, "name": "StairsStep_205_1"}, {"relative_position": {"y": -0.014484405517578125, "x": -1.7253570556640625, "z": 0.46356201171875}, "name": "StairsStep_205_2"}, {"relative_position": {"y": 0.0419769287109375, "x": -2.612335205078125, "z": -0.129302978515625}, "name": "StairsStep_205_3"}]}