{"chunks": [{"relative_position": {"y": -0.028690338134765625, "x": 0.45922088623046875, "z": 1.4950695037841797}, "name": "StairsStep_78_0"}, {"relative_position": {"y": -0.014522552490234375, "x": -0.42450714111328125, "z": 1.6988449096679688}, "name": "StairsStep_78_1"}, {"relative_position": {"y": 0.029216766357421875, "x": 0.204437255859375, "z": 2.3835220336914062}, "name": "StairsStep_78_2"}, {"relative_position": {"y": 0.012050628662109375, "x": 0.0207366943359375, "z": -1.5348167419433594}, "name": "StairsStep_78_3"}]}