{"chunks": [{"relative_position": {"y": 0.018115997314453125, "x": 0.42254638671875, "z": -0.3238639831542969}, "name": "StairsStep_138_0"}, {"relative_position": {"y": -0.00818634033203125, "x": -0.0518798828125, "z": -1.7604026794433594}, "name": "StairsStep_138_1"}, {"relative_position": {"y": -0.00818634033203125, "x": -0.05306243896484375, "z": 1.5555686950683594}, "name": "StairsStep_138_2"}, {"relative_position": {"y": 0.08023452758789062, "x": -0.36713409423828125, "z": -0.0887603759765625}, "name": "StairsStep_138_3"}]}