{"chunks": [{"relative_position": {"y": -0.4432048797607422, "x": 0.13774871826171875, "z": -0.11849594116210938}, "name": "Tape_12_0"}, {"relative_position": {"y": -0.4458446502685547, "x": 0.14188385009765625, "z": 0.0017547607421875}, "name": "Tape_12_1"}, {"relative_position": {"y": -0.8988933563232422, "x": 2.0369720458984375, "z": -0.06707000732421875}, "name": "Tape_12_2"}, {"relative_position": {"y": 0.7400341033935547, "x": -1.775970458984375, "z": 0.04598236083984375}, "name": "Tape_12_3"}]}