{"chunks": [{"relative_position": {"y": 0.0169677734375, "x": 0.009063720703125, "z": 0.5000152587890625}, "name": "Window_13_6_0"}, {"relative_position": {"y": -0.07149505615234375, "x": 0.001556396484375, "z": -0.035068511962890625}, "name": "Window_13_6_1"}, {"relative_position": {"y": 0.107818603515625, "x": -0.016754150390625, "z": 0.4921073913574219}, "name": "Window_13_6_2"}, {"relative_position": {"y": -0.0444488525390625, "x": 0.004364013671875, "z": -0.5224456787109375}, "name": "Window_13_6_3"}]}