{"chunks": [{"relative_position": {"y": -0.014492034912109375, "x": 1.59954833984375, "z": 0.30144500732421875}, "name": "StairsStep_154_0"}, {"relative_position": {"y": -0.01813507080078125, "x": -0.8014984130859375, "z": -0.4187469482421875}, "name": "StairsStep_154_1"}, {"relative_position": {"y": 0.01206207275390625, "x": -1.9031829833984375, "z": 0.00029754638671875}, "name": "StairsStep_154_2"}, {"relative_position": {"y": 0.01447296142578125, "x": 1.6052093505859375, "z": -0.37039947509765625}, "name": "StairsStep_154_3"}]}