{"chunks": [{"relative_position": {"y": 2.3174896240234375, "x": 2.3805274963378906, "z": 1.8404045104980469}, "name": "Window_126_0"}, {"relative_position": {"y": -0.0317535400390625, "x": 4.706993103027344, "z": 0.09554290771484375}, "name": "Window_126_1"}, {"relative_position": {"y": -0.02919769287109375, "x": -3.7596778869628906, "z": 0.01607513427734375}, "name": "Window_126_2"}, {"relative_position": {"y": -2.2799148559570312, "x": 1.6670188903808594, "z": -1.9939193725585938}, "name": "Window_126_3"}]}