{"chunks": [{"relative_position": {"y": 0.10868263244628906, "x": 0.6823959350585938, "z": 0.254150390625}, "name": "StairsStep_167_0"}, {"relative_position": {"y": 0.01450347900390625, "x": 1.8001556396484375, "z": 0.509185791015625}, "name": "StairsStep_167_1"}, {"relative_position": {"y": 0.0120849609375, "x": -1.5403900146484375, "z": 0.048252105712890625}, "name": "StairsStep_167_2"}, {"relative_position": {"y": 0.01450347900390625, "x": 1.8462295532226562, "z": -0.21070480346679688}, "name": "StairsStep_167_3"}]}