{"chunks": [{"relative_position": {"y": -0.034813880920410156, "x": -0.00189208984375, "z": 3.8598060607910156}, "name": "Band_6_0"}, {"relative_position": {"y": -0.21393203735351562, "x": -0.03225517272949219, "z": -0.039597272872924805}, "name": "Band_6_1"}, {"relative_position": {"y": 0.23405933380126953, "x": -0.0053348541259765625, "z": 0.19378173351287842}, "name": "Band_6_2"}, {"relative_position": {"y": -0.032614707946777344, "x": -0.0018825531005859375, "z": -3.7743334770202637}, "name": "Band_6_3"}]}