{"chunks": [{"relative_position": {"y": 0.0428314208984375, "x": 4.507904052734375, "z": -0.0032501220703125}, "name": "Window_15_0"}, {"relative_position": {"y": -0.9298133850097656, "x": -3.164642333984375, "z": 2.6812744140625}, "name": "Window_15_1"}, {"relative_position": {"y": 0.7570991516113281, "x": -5.6613311767578125, "z": -1.87786865234375}, "name": "Window_15_2"}, {"relative_position": {"y": 1.0704879760742188, "x": -2.84149169921875, "z": -3.44415283203125}, "name": "Window_15_3"}]}