{"chunks": [{"relative_position": {"z": 0.9223709106445312, "x": 0.02396392822265625, "y": 0.0002288818359375}, "name": "Barrier_225_0"}, {"relative_position": {"z": -0.6701927185058594, "x": 0.0136260986328125, "y": -0.6031494140625}, "name": "Barrier_225_1"}, {"relative_position": {"z": 0.6182861328125, "x": -0.0255889892578125, "y": -0.87982177734375}, "name": "Barrier_225_2"}, {"relative_position": {"z": -0.5449638366699219, "x": -0.01357269287109375, "y": 0.6008682250976562}, "name": "Barrier_225_3"}]}