{"chunks": [{"relative_position": {"y": -0.4162635803222656, "x": 4.122346878051758, "z": 1.4215240478515625}, "name": "Window_156_0"}, {"relative_position": {"y": 1.0441551208496094, "x": 3.661100387573242, "z": -3.3353424072265625}, "name": "Window_156_1"}, {"relative_position": {"y": -0.8229637145996094, "x": -3.379302978515625, "z": 2.355682373046875}, "name": "Window_156_2"}, {"relative_position": {"y": 0.8396720886230469, "x": -3.7502498626708984, "z": -2.4065399169921875}, "name": "Window_156_3"}]}