{"chunks": [{"relative_position": {"y": 0.018115997314453125, "x": 0.0431976318359375, "z": 0.4287872314453125}, "name": "StairsStep_203_0"}, {"relative_position": {"y": -0.012073516845703125, "x": -1.7381439208984375, "z": 0.01683807373046875}, "name": "StairsStep_203_1"}, {"relative_position": {"y": 0.018115997314453125, "x": -0.297515869140625, "z": -0.41559600830078125}, "name": "StairsStep_203_2"}, {"relative_position": {"y": -0.012073516845703125, "x": 1.5841217041015625, "z": 0.01151275634765625}, "name": "StairsStep_203_3"}]}