{"chunks": [{"relative_position": {"y": -0.03382110595703125, "x": -0.012332916259765625, "z": 2.2990989685058594}, "name": "StairsStep_92_0"}, {"relative_position": {"y": -0.01654815673828125, "x": -0.5227546691894531, "z": 1.0242767333984375}, "name": "StairsStep_92_1"}, {"relative_position": {"y": 0.05785369873046875, "x": -0.4485321044921875, "z": 2.2156715393066406}, "name": "StairsStep_92_2"}, {"relative_position": {"y": 0.012054443359375, "x": -0.00266265869140625, "z": -1.5413627624511719}, "name": "StairsStep_92_3"}]}