{"chunks": [{"relative_position": {"y": -0.014495849609375, "x": 1.51190185546875, "z": -0.4591522216796875}, "name": "StairsStep_200_0"}, {"relative_position": {"y": -0.01812744140625, "x": -0.60723876953125, "z": 0.42958831787109375}, "name": "StairsStep_200_1"}, {"relative_position": {"y": 0.014476776123046875, "x": 1.5633697509765625, "z": 0.261383056640625}, "name": "StairsStep_200_2"}, {"relative_position": {"y": 0.012065887451171875, "x": -1.80206298828125, "z": 0.0167388916015625}, "name": "StairsStep_200_3"}]}