{"chunks": [{"relative_position": {"y": 2.395172119140625, "x": 0.01360321044921875, "z": -3.9759292602539062}, "name": "Glass_112_0"}, {"relative_position": {"y": -2.371429443359375, "x": -0.01361083984375, "z": -4.362770080566406}, "name": "Glass_112_1"}, {"relative_position": {"y": -2.9882431030273438, "x": 0.0169830322265625, "z": 2.5910301208496094}, "name": "Glass_112_2"}, {"relative_position": {"y": -0.00765228271484375, "x": -0.01134490966796875, "z": 5.684818267822266}, "name": "Glass_112_3"}]}