{"chunks": [{"relative_position": {"z": -0.9297089576721191, "x": 0.009206593036651611, "y": 0.01789093017578125}, "name": "Barrier_195_0"}, {"relative_position": {"z": 0.7535905838012695, "x": 0.00238955020904541, "y": -0.5774307250976562}, "name": "Barrier_195_1"}, {"relative_position": {"z": 0.9039311408996582, "x": 0.07763636112213135, "y": 0.1141204833984375}, "name": "Barrier_195_2"}, {"relative_position": {"z": 0.7553820610046387, "x": 0.0023894309997558594, "y": 0.6592178344726562}, "name": "Barrier_195_3"}]}