{"chunks": [{"relative_position": {"y": -0.010372161865234375, "x": 1.588592529296875, "z": 0.30466461181640625}, "name": "StairsStep_155_0"}, {"relative_position": {"y": 0.01448822021484375, "x": 1.5437164306640625, "z": -0.4179534912109375}, "name": "StairsStep_155_1"}, {"relative_position": {"y": -0.008640289306640625, "x": -1.5705108642578125, "z": 0.04740142822265625}, "name": "StairsStep_155_2"}, {"relative_position": {"y": 0.0793304443359375, "x": -0.1546630859375, "z": 0.3746795654296875}, "name": "StairsStep_155_3"}]}