{"chunks": [{"relative_position": {"y": 0.007473945617675781, "x": 1.3207855224609375, "z": 0.22637939453125}, "name": "StairsStep_5_0"}, {"relative_position": {"y": -0.008939743041992188, "x": -0.5758056640625, "z": -0.99151611328125}, "name": "StairsStep_5_1"}, {"relative_position": {"y": -0.011174201965332031, "x": 0.29111480712890625, "z": 0.56512451171875}, "name": "StairsStep_5_2"}, {"relative_position": {"y": 0.008996009826660156, "x": -1.0901947021484375, "z": 0.1956787109375}, "name": "StairsStep_5_3"}]}