{"chunks": [{"relative_position": {"y": 0.22881412506103516, "x": 2.0225257873535156, "z": 0.005341529846191406}, "name": "Band_7_0"}, {"relative_position": {"y": -0.23253917694091797, "x": -0.4616966247558594, "z": 0.005364418029785156}, "name": "Band_7_1"}, {"relative_position": {"y": 0.002681732177734375, "x": -3.6757564544677734, "z": -0.0035467147827148438}, "name": "Band_7_2"}, {"relative_position": {"y": -0.003490447998046875, "x": 4.713172912597656, "z": -0.0035467147827148438}, "name": "Band_7_3"}]}