{"chunks": [{"relative_position": {"y": 1.1793594360351562, "x": -0.928714394569397, "z": 2.7178306579589844}, "name": "Window_67_0"}, {"relative_position": {"y": -2.4190216064453125, "x": 1.9578171968460083, "z": -2.014019012451172}, "name": "Window_67_1"}, {"relative_position": {"y": 1.2239456176757812, "x": -1.0333856344223022, "z": -2.390209197998047}, "name": "Window_67_2"}, {"relative_position": {"y": -0.7952499389648438, "x": 0.8645316362380981, "z": -3.6555099487304688}, "name": "Window_67_3"}]}