{"chunks": [{"relative_position": {"y": -0.3377838134765625, "x": 0.26744604110717773, "z": -1.2682571411132812}, "name": "Window_67_3_0"}, {"relative_position": {"y": -0.0471038818359375, "x": -0.03827774524688721, "z": 0.5750274658203125}, "name": "Window_67_3_1"}, {"relative_position": {"y": 0.477294921875, "x": -0.3551543951034546, "z": 1.6603507995605469}, "name": "Window_67_3_2"}, {"relative_position": {"y": 0.26546478271484375, "x": -0.21705269813537598, "z": -0.016399383544921875}, "name": "Window_67_3_3"}]}