{"chunks": [{"relative_position": {"y": -0.01448822021484375, "x": 1.5242843627929688, "z": 0.3428955078125}, "name": "StairsStep_179_0"}, {"relative_position": {"y": 0.014507293701171875, "x": 1.5152664184570312, "z": -0.4039764404296875}, "name": "StairsStep_179_1"}, {"relative_position": {"y": -0.012439727783203125, "x": -1.879180908203125, "z": 0.01821136474609375}, "name": "StairsStep_179_2"}, {"relative_position": {"y": 0.043033599853515625, "x": -1.4224014282226562, "z": 0.5010147094726562}, "name": "StairsStep_179_3"}]}