{"chunks": [{"relative_position": {"y": 0.0008392333984375, "x": 0.0587158203125, "z": 1.6408729553222656}, "name": "StairsStep_83_0"}, {"relative_position": {"y": -0.061740875244140625, "x": -0.00384521484375, "z": -1.878936767578125}, "name": "StairsStep_83_1"}, {"relative_position": {"y": 0.00077056884765625, "x": -0.5016822814941406, "z": 0.02880096435546875}, "name": "StairsStep_83_2"}, {"relative_position": {"y": 0.08317184448242188, "x": -0.00423431396484375, "z": -1.8793983459472656}, "name": "StairsStep_83_3"}]}