{"chunks": [{"relative_position": {"y": -0.8070449829101562, "x": 0.016998291015625, "z": 0.09441375732421875}, "name": "Barrier_235_0"}, {"relative_position": {"y": -0.005462646484375, "x": -0.0113067626953125, "z": -1.3807525634765625}, "name": "Barrier_235_1"}, {"relative_position": {"y": -0.7958221435546875, "x": -0.013580322265625, "z": 1.6466140747070312}, "name": "Barrier_235_2"}, {"relative_position": {"y": 0.38716888427734375, "x": 0.0136260986328125, "z": 1.2483749389648438}, "name": "Barrier_235_3"}]}