{"chunks": [{"relative_position": {"y": 0.012073516845703125, "x": 0.00565338134765625, "z": 1.549489974975586}, "name": "StairsStep_75_0"}, {"relative_position": {"y": 0.0181121826171875, "x": 0.457122802734375, "z": -0.5564689636230469}, "name": "StairsStep_75_1"}, {"relative_position": {"y": 0.012073516845703125, "x": -0.0089111328125, "z": -1.8371353149414062}, "name": "StairsStep_75_2"}, {"relative_position": {"y": 0.1086883544921875, "x": 0.066253662109375, "z": -0.0505218505859375}, "name": "StairsStep_75_3"}]}