{"chunks": [{"relative_position": {"y": -0.8085994720458984, "x": 0.017271041870117188, "z": 1.0121345520019531}, "name": "Barrier_39_0"}, {"relative_position": {"y": -0.4663524627685547, "x": -0.03711128234863281, "z": 1.6923789978027344}, "name": "Barrier_39_1"}, {"relative_position": {"y": 0.6392021179199219, "x": 0.013607025146484375, "z": 1.0063629150390625}, "name": "Barrier_39_2"}, {"relative_position": {"y": -0.029558181762695312, "x": -0.011325836181640625, "z": -1.2057952880859375}, "name": "Barrier_39_3"}]}