{"chunks": [{"relative_position": {"y": 2.2938308715820312, "x": -0.16058349609375, "z": -0.018121719360351562}, "name": "Window_8_2_0"}, {"relative_position": {"y": 0.6054000854492188, "x": -1.0999908447265625, "z": 0.013149261474609375}, "name": "Window_8_2_1"}, {"relative_position": {"y": -1.5110397338867188, "x": 0.296844482421875, "z": -0.008135795593261719}, "name": "Window_8_2_2"}, {"relative_position": {"y": 1.9397125244140625, "x": 1.0235443115234375, "z": 0.038242340087890625}, "name": "Window_8_2_3"}]}