{"chunks": [{"relative_position": {"y": 0.059638023376464844, "x": 0.6762313842773438, "z": 0.184478759765625}, "name": "StairsStep_25_0"}, {"relative_position": {"y": -8.058547973632812e-05, "x": 0.32730865478515625, "z": 0.7017364501953125}, "name": "StairsStep_25_1"}, {"relative_position": {"y": 0.007483005523681641, "x": -1.048614501953125, "z": 0.650665283203125}, "name": "StairsStep_25_2"}, {"relative_position": {"y": -5.3882598876953125e-05, "x": 1.0614471435546875, "z": -0.6025238037109375}, "name": "StairsStep_25_3"}]}