{"chunks": [{"relative_position": {"y": -0.726104736328125, "x": 3.6858651638031006, "z": 2.3659515380859375}, "name": "Window_157_0"}, {"relative_position": {"y": -1.1233406066894531, "x": -0.9503874778747559, "z": 3.2330322265625}, "name": "Window_157_1"}, {"relative_position": {"y": -0.027557373046875, "x": -4.484255790710449, "z": 0.2113189697265625}, "name": "Window_157_2"}, {"relative_position": {"y": 0.8204154968261719, "x": 2.949338912963867, "z": -2.6533966064453125}, "name": "Window_157_3"}]}