{"chunks": [{"relative_position": {"y": -4.445716857910156, "x": 1.2649307250976562, "z": -0.208587646484375}, "name": "Window_48_0"}, {"relative_position": {"y": -0.5821800231933594, "x": -0.3867073059082031, "z": -0.1275634765625}, "name": "Window_48_1"}, {"relative_position": {"y": -4.301494598388672, "x": -2.050121307373047, "z": -0.2022857666015625}, "name": "Window_48_2"}, {"relative_position": {"y": 4.578929901123047, "x": -0.08541107177734375, "z": 0.189483642578125}, "name": "Window_48_3"}]}