{"chunks": [{"relative_position": {"y": -0.46497344970703125, "x": 0.33974647521972656, "z": 0.11194610595703125}, "name": "Glass_97_6_0"}, {"relative_position": {"y": -0.7526130676269531, "x": 0.16321182250976562, "z": -0.006809234619140625}, "name": "Glass_97_6_1"}, {"relative_position": {"y": 0.119415283203125, "x": -0.9116554260253906, "z": 0.016506195068359375}, "name": "Glass_97_6_2"}, {"relative_position": {"y": 0.4980049133300781, "x": 1.0168190002441406, "z": 0.014667510986328125}, "name": "Glass_97_6_3"}]}