{"chunks": [{"relative_position": {"y": 0.0181121826171875, "x": 0.5036239624023438, "z": -0.32535552978515625}, "name": "StairsStep_90_0"}, {"relative_position": {"y": 0.0120697021484375, "x": 0.033050537109375, "z": -1.7519798278808594}, "name": "StairsStep_90_1"}, {"relative_position": {"y": 0.0120697021484375, "x": -0.0047149658203125, "z": 1.5726127624511719}, "name": "StairsStep_90_2"}, {"relative_position": {"y": 0.108673095703125, "x": 0.16137313842773438, "z": -0.31397056579589844}, "name": "StairsStep_90_3"}]}