{"chunks": [{"relative_position": {"y": 2.0737228393554688, "x": -0.03649139404296875, "z": -0.4807853698730469}, "name": "Glass_49_7_0"}, {"relative_position": {"y": -1.2984695434570312, "x": -0.02825927734375, "z": -0.1379241943359375}, "name": "Glass_49_7_1"}, {"relative_position": {"y": -0.08942794799804688, "x": 0.00605010986328125, "z": -0.5083274841308594}, "name": "Glass_49_7_2"}, {"relative_position": {"y": 1.5511894226074219, "x": 0.0077056884765625, "z": 0.28681182861328125}, "name": "Glass_49_7_3"}]}