{"chunks": [{"relative_position": {"z": -0.013810396194458008, "x": -0.0051915645599365234, "y": 0.7506523132324219}, "name": "Barrier_42_0"}, {"relative_position": {"z": 0.009204387664794922, "x": -0.9858608245849609, "y": 0.009868621826171875}, "name": "Barrier_42_1"}, {"relative_position": {"z": -0.011050939559936523, "x": 0.5907385349273682, "y": -0.6811943054199219}, "name": "Barrier_42_2"}, {"relative_position": {"z": 0.011045217514038086, "x": 0.9864542484283447, "y": 0.49961090087890625}, "name": "Barrier_42_3"}]}