{"chunks": [{"relative_position": {"y": -0.043804168701171875, "x": 0.00986480712890625, "z": -1.8948440551757812}, "name": "Tape_7.001_0"}, {"relative_position": {"y": -0.3533515930175781, "x": -0.07938003540039062, "z": -0.3714160919189453}, "name": "Tape_7.001_1"}, {"relative_position": {"y": -0.3474617004394531, "x": 0.0094146728515625, "z": 0.2710113525390625}, "name": "Tape_7.001_2"}, {"relative_position": {"y": 0.03672027587890625, "x": -0.0, "z": 2.2680702209472656}, "name": "Tape_7.001_3"}]}