{"chunks": [{"relative_position": {"y": 0.00579071044921875, "x": 1.7744979858398438, "z": 0.06064605712890625}, "name": "StairsStep_183_0"}, {"relative_position": {"y": -0.08506393432617188, "x": -0.38579559326171875, "z": 0.32352447509765625}, "name": "StairsStep_183_1"}, {"relative_position": {"y": 0.005771636962890625, "x": -1.6926727294921875, "z": 0.0275726318359375}, "name": "StairsStep_183_2"}, {"relative_position": {"y": -0.01812744140625, "x": 0.45058441162109375, "z": -0.4515228271484375}, "name": "StairsStep_183_3"}]}