{"chunks": [{"relative_position": {"y": 0.043659210205078125, "x": 0.10335826873779297, "z": 0.10199737548828125}, "name": "Glass_96_0"}, {"relative_position": {"y": -2.6350135803222656, "x": 2.5033111572265625, "z": 0.01361846923828125}, "name": "Glass_96_1"}, {"relative_position": {"y": 0.02198028564453125, "x": -4.064035415649414, "z": 0.011348724365234375}, "name": "Glass_96_2"}, {"relative_position": {"y": 2.005931854248047, "x": 3.121580123901367, "z": 0.01361846923828125}, "name": "Glass_96_3"}]}