{"chunks": [{"relative_position": {"y": -1.1150436401367188, "x": -0.000827789306640625, "z": -0.27368927001953125}, "name": "Glass_68_5_0"}, {"relative_position": {"y": -0.29793548583984375, "x": 0.044696807861328125, "z": 1.8185195922851562}, "name": "Glass_68_5_1"}, {"relative_position": {"y": -0.07225418090820312, "x": 0.01087188720703125, "z": -1.3427963256835938}, "name": "Glass_68_5_2"}, {"relative_position": {"y": 0.6244564056396484, "x": -0.006008148193359375, "z": 1.8375320434570312}, "name": "Glass_68_5_3"}]}