{"chunks": [{"relative_position": {"y": 0.0049277544021606445, "x": 3.9382705688476562, "z": 0.00356292724609375}, "name": "Band_11_0"}, {"relative_position": {"y": -0.0012183189392089844, "x": -3.8369827270507812, "z": -0.0035648345947265625}, "name": "Band_11_1"}, {"relative_position": {"y": 0.2462834119796753, "x": -0.09682846069335938, "z": 0.005336761474609375}, "name": "Band_11_2"}, {"relative_position": {"y": 0.24110722541809082, "x": 0.4810791015625, "z": -0.00534820556640625}, "name": "Band_11_3"}]}