{"chunks": [{"relative_position": {"y": -0.025421142578125, "x": 1.8994636535644531, "z": 0.7255401611328125}, "name": "Window_145_3_0"}, {"relative_position": {"y": -0.4273109436035156, "x": 1.923431396484375, "z": 0.42303466796875}, "name": "Window_145_3_1"}, {"relative_position": {"y": 0.16263961791992188, "x": -1.5853805541992188, "z": -0.552154541015625}, "name": "Window_145_3_2"}, {"relative_position": {"y": 0.20841598510742188, "x": 9.1552734375e-05, "z": -0.68524169921875}, "name": "Window_145_3_3"}]}