{"chunks": [{"relative_position": {"y": -0.038784027099609375, "x": 4.352668762207031, "z": -0.00909423828125}, "name": "Window_155_0"}, {"relative_position": {"y": -0.3507652282714844, "x": -0.7887382507324219, "z": -0.0766448974609375}, "name": "Window_155_1"}, {"relative_position": {"y": -0.853607177734375, "x": -3.262012481689453, "z": 2.4490203857421875}, "name": "Window_155_2"}, {"relative_position": {"y": 0.7311782836914062, "x": -3.3326950073242188, "z": -2.381439208984375}, "name": "Window_155_3"}]}