{"chunks": [{"relative_position": {"y": -0.008967876434326172, "x": 1.1954421997070312, "z": 0.2278900146484375}, "name": "StairsStep_9_0"}, {"relative_position": {"y": -0.011237144470214844, "x": -0.6573486328125, "z": -0.068206787109375}, "name": "StairsStep_9_1"}, {"relative_position": {"y": 0.007454872131347656, "x": -1.0832977294921875, "z": 0.8326263427734375}, "name": "StairsStep_9_2"}, {"relative_position": {"y": 0.008945941925048828, "x": 0.6772003173828125, "z": -0.9229888916015625}, "name": "StairsStep_9_3"}]}