{"chunks": [{"relative_position": {"y": -1.3537368774414062, "x": 3.763395309448242, "z": -1.062255859375}, "name": "Window_125_0"}, {"relative_position": {"y": -1.9926681518554688, "x": -2.3270111083984375, "z": -1.6784515380859375}, "name": "Window_125_1"}, {"relative_position": {"y": 1.112823486328125, "x": -2.9234657287597656, "z": 0.9599838256835938}, "name": "Window_125_2"}, {"relative_position": {"y": 1.7771453857421875, "x": 2.7899436950683594, "z": 1.4079208374023438}, "name": "Window_125_3"}]}