{"chunks": [{"relative_position": {"y": 0.03389739990234375, "x": 0.073089599609375, "z": 2.1408615112304688}, "name": "StairsStep_137_0"}, {"relative_position": {"y": -0.017269134521484375, "x": -0.39316558837890625, "z": 1.6083602905273438}, "name": "StairsStep_137_1"}, {"relative_position": {"y": 0.012081146240234375, "x": -0.0349884033203125, "z": -1.6954193115234375}, "name": "StairsStep_137_2"}, {"relative_position": {"y": -0.01810455322265625, "x": 0.455169677734375, "z": -0.2676544189453125}, "name": "StairsStep_137_3"}]}