{"chunks": [{"relative_position": {"y": 1.3878173828125, "x": 0.6751365661621094, "z": 1.1729736328125}, "name": "Window_26_1_0"}, {"relative_position": {"y": -1.3341140747070312, "x": -0.5625152587890625, "z": -1.1047477722167969}, "name": "Window_26_1_1"}, {"relative_position": {"y": 0.44280242919921875, "x": -0.4457664489746094, "z": 0.353118896484375}, "name": "Window_26_1_2"}, {"relative_position": {"y": -0.30390167236328125, "x": 0.51812744140625, "z": -0.271728515625}, "name": "Window_26_1_3"}]}