{"chunks": [{"relative_position": {"z": 0.0143585205078125, "x": 0.6556625366210938, "y": 0.8077163696289062}, "name": "Barrier_209_0"}, {"relative_position": {"z": 0.0086669921875, "x": 0.7201614379882812, "y": -0.6110000610351562}, "name": "Barrier_209_1"}, {"relative_position": {"z": -0.0091705322265625, "x": -0.9329071044921875, "y": 0.073028564453125}, "name": "Barrier_209_2"}, {"relative_position": {"z": -0.0648651123046875, "x": 0.9655914306640625, "y": 0.6310081481933594}, "name": "Barrier_209_3"}]}