{"chunks": [{"relative_position": {"y": 0.2651710510253906, "x": 1.411102294921875, "z": -0.7077789306640625}, "name": "Window_150_6_0"}, {"relative_position": {"y": 0.16645431518554688, "x": -0.287689208984375, "z": -0.7226409912109375}, "name": "Window_150_6_1"}, {"relative_position": {"y": -0.33611297607421875, "x": 0.087066650390625, "z": 0.9452056884765625}, "name": "Window_150_6_2"}, {"relative_position": {"y": -0.14677810668945312, "x": -1.9490509033203125, "z": 0.549163818359375}, "name": "Window_150_6_3"}]}