{"chunks": [{"relative_position": {"y": 0.018114089965820312, "x": 0.337371826171875, "z": -0.4410209655761719}, "name": "StairsStep_170_0"}, {"relative_position": {"y": -0.012058258056640625, "x": -1.5544891357421875, "z": 0.019573211669921875}, "name": "StairsStep_170_1"}, {"relative_position": {"y": -0.027805328369140625, "x": 2.266448974609375, "z": -0.041179656982421875}, "name": "StairsStep_170_2"}, {"relative_position": {"y": 0.024599075317382812, "x": 1.4943466186523438, "z": 0.435302734375}, "name": "StairsStep_170_3"}]}