{"chunks": [{"relative_position": {"y": -0.012075424194335938, "x": 1.6990432739257812, "z": 0.0264129638671875}, "name": "StairsStep_169_0"}, {"relative_position": {"y": -0.018085479736328125, "x": 0.26432037353515625, "z": -0.45511627197265625}, "name": "StairsStep_169_1"}, {"relative_position": {"y": -0.10862922668457031, "x": -0.07930755615234375, "z": -0.017993927001953125}, "name": "StairsStep_169_2"}, {"relative_position": {"y": -0.012056350708007812, "x": -1.5804672241210938, "z": 0.00312042236328125}, "name": "StairsStep_169_3"}]}