{"chunks": [{"relative_position": {"y": 0.007593631744384766, "x": 1.1865463256835938, "z": -0.5347900390625}, "name": "StairsStep_19_0"}, {"relative_position": {"y": -0.047118186950683594, "x": 0.6550750732421875, "z": -1.085296630859375}, "name": "StairsStep_19_1"}, {"relative_position": {"y": -0.007470130920410156, "x": -0.6787872314453125, "z": 0.820556640625}, "name": "StairsStep_19_2"}, {"relative_position": {"y": 0.007600069046020508, "x": 0.1652984619140625, "z": -1.3582000732421875}, "name": "StairsStep_19_3"}]}