{"chunks": [{"relative_position": {"y": -0.6438751220703125, "x": -1.8290338516235352, "z": -0.33483123779296875}, "name": "Window_123_2_0"}, {"relative_position": {"y": -0.13378143310546875, "x": 1.3464219570159912, "z": -0.20613861083984375}, "name": "Window_123_2_1"}, {"relative_position": {"y": -0.8879928588867188, "x": -0.9187943935394287, "z": -0.8708038330078125}, "name": "Window_123_2_2"}, {"relative_position": {"y": 1.1514511108398438, "x": 0.6088504791259766, "z": 1.018951416015625}, "name": "Window_123_2_3"}]}