{"chunks": [{"relative_position": {"y": 0.042873382568359375, "x": 0.5316085815429688, "z": 0.8317375183105469}, "name": "Exhibition_19.008_0"}, {"relative_position": {"y": 4.57763671875e-05, "x": 1.6267127990722656, "z": 0.11641311645507812}, "name": "Exhibition_19.008_1"}, {"relative_position": {"y": 5.340576171875e-05, "x": -1.0707015991210938, "z": 0.7594680786132812}, "name": "Exhibition_19.008_2"}, {"relative_position": {"y": 0.006439208984375, "x": -0.9052352905273438, "z": -0.89422607421875}, "name": "Exhibition_19.008_3"}]}