{"chunks": [{"relative_position": {"z": -1.0001049041748047, "x": 0.01387786865234375, "y": 0.8611545562744141}, "name": "Barrier_9_0"}, {"relative_position": {"z": -1.2372779846191406, "x": -0.03374481201171875, "y": -0.018522262573242188}, "name": "Barrier_9_1"}, {"relative_position": {"z": 0.8833141326904297, "x": 0.01360321044921875, "y": -0.5151195526123047}, "name": "Barrier_9_2"}, {"relative_position": {"z": 0.8625450134277344, "x": -0.0135955810546875, "y": 0.6864643096923828}, "name": "Barrier_9_3"}]}