{"chunks": [{"relative_position": {"y": -0.08849906921386719, "x": 1.7746047973632812, "z": 0.4381275177001953}, "name": "StairsStep_97_0"}, {"relative_position": {"y": -0.014507293701171875, "x": 1.7753334045410156, "z": -0.37488746643066406}, "name": "StairsStep_97_1"}, {"relative_position": {"y": 0.009729385375976562, "x": -1.5366840362548828, "z": 0.051479339599609375}, "name": "StairsStep_97_2"}, {"relative_position": {"y": 0.016111373901367188, "x": 2.245656967163086, "z": 0.3053417205810547}, "name": "StairsStep_97_3"}]}