{"chunks": [{"relative_position": {"y": -0.10097885131835938, "x": 1.5987205505371094, "z": -0.014280319213867188}, "name": "Tape_6.002_0"}, {"relative_position": {"y": -0.01880645751953125, "x": -2.0264816284179688, "z": -0.013597488403320312}, "name": "Tape_6.002_1"}, {"relative_position": {"y": -0.3493232727050781, "x": -0.36336517333984375, "z": 0.015775680541992188}, "name": "Tape_6.002_2"}, {"relative_position": {"y": 0.3995361328125, "x": 3.412128448486328, "z": 0.02945709228515625}, "name": "Tape_6.002_3"}]}