{"chunks": [{"relative_position": {"y": -0.019878387451171875, "x": 2.2288970947265625, "z": 0.053073883056640625}, "name": "StairsStep_211_0"}, {"relative_position": {"y": 0.020656585693359375, "x": 1.5995941162109375, "z": -0.49488067626953125}, "name": "StairsStep_211_1"}, {"relative_position": {"y": -0.000904083251953125, "x": -1.5401611328125, "z": 0.05290985107421875}, "name": "StairsStep_211_2"}, {"relative_position": {"y": 0.0948028564453125, "x": 0.4239654541015625, "z": 0.34552764892578125}, "name": "StairsStep_211_3"}]}