{"chunks": [{"relative_position": {"y": 0.356475830078125, "x": 1.16009521484375, "z": 0.30133056640625}, "name": "Window_112_0_0"}, {"relative_position": {"y": -0.7803268432617188, "x": 0.6610527038574219, "z": -0.6381874084472656}, "name": "Window_112_0_1"}, {"relative_position": {"y": 0.40039825439453125, "x": -1.0026359558105469, "z": 0.31064605712890625}, "name": "Window_112_0_2"}, {"relative_position": {"y": 0.8767547607421875, "x": 0.0196075439453125, "z": 0.4416389465332031}, "name": "Window_112_0_3"}]}