{"chunks": [{"relative_position": {"y": 0.11676406860351562, "x": 1.2438042163848877, "z": 0.15937042236328125}, "name": "Window_148_4_0"}, {"relative_position": {"y": -0.19621658325195312, "x": 1.5244643688201904, "z": -0.37635040283203125}, "name": "Window_148_4_1"}, {"relative_position": {"y": -0.3068084716796875, "x": -1.0971949100494385, "z": 0.371826171875}, "name": "Window_148_4_2"}, {"relative_position": {"y": 0.25698089599609375, "x": -0.08617615699768066, "z": -0.4144287109375}, "name": "Window_148_4_3"}]}