{"chunks": [{"relative_position": {"y": 0.01120758056640625, "x": 0.297637939453125, "z": 0.4911041259765625}, "name": "StairsStep_40_0"}, {"relative_position": {"y": 0.0074748992919921875, "x": 0.7462081909179688, "z": -0.92022705078125}, "name": "StairsStep_40_1"}, {"relative_position": {"y": 0.0074748992919921875, "x": -0.8354949951171875, "z": 0.824981689453125}, "name": "StairsStep_40_2"}, {"relative_position": {"y": 0.06727027893066406, "x": -0.03330230712890625, "z": -0.0206451416015625}, "name": "StairsStep_40_3"}]}