{"chunks": [{"relative_position": {"y": -0.018108367919921875, "x": 0.16622161865234375, "z": -0.4236907958984375}, "name": "StairsStep_148_0"}, {"relative_position": {"y": 0.002651214599609375, "x": -1.5752105712890625, "z": 0.05245208740234375}, "name": "StairsStep_148_1"}, {"relative_position": {"y": -0.09131240844726562, "x": 0.00835418701171875, "z": 0.36231231689453125}, "name": "StairsStep_148_2"}, {"relative_position": {"y": 0.002651214599609375, "x": 1.6619186401367188, "z": 0.05330657958984375}, "name": "StairsStep_148_3"}]}