{"chunks": [{"relative_position": {"z": -0.013810157775878906, "x": -1.0506439208984375, "y": -0.2173614501953125}, "name": "Barrier_205_0"}, {"relative_position": {"z": 0.011037349700927734, "x": -0.6336441040039062, "y": -0.7652435302734375}, "name": "Barrier_205_1"}, {"relative_position": {"z": -0.009215831756591797, "x": 0.9444580078125, "y": -0.009857177734375}, "name": "Barrier_205_2"}, {"relative_position": {"z": 0.011037826538085938, "x": -0.6917228698730469, "y": 0.5857620239257812}, "name": "Barrier_205_3"}]}