{"chunks": [{"relative_position": {"y": -0.008966445922851562, "x": 0.43672943115234375, "z": 1.02880859375}, "name": "StairsStep_34_0"}, {"relative_position": {"y": -0.011219024658203125, "x": -0.4383697509765625, "z": -0.5256500244140625}, "name": "StairsStep_34_1"}, {"relative_position": {"y": 0.008960723876953125, "x": -0.8190841674804688, "z": 0.7464752197265625}, "name": "StairsStep_34_2"}, {"relative_position": {"y": 0.0074672698974609375, "x": 0.2094268798828125, "z": -1.138763427734375}, "name": "StairsStep_34_3"}]}