{"chunks": [{"relative_position": {"y": 0.31304931640625, "x": -0.4970550537109375, "z": -0.892974853515625}, "name": "Window_141_4_0"}, {"relative_position": {"y": 0.08248519897460938, "x": -1.25518798828125, "z": -0.3252716064453125}, "name": "Window_141_4_1"}, {"relative_position": {"y": -0.17325973510742188, "x": 0.842529296875, "z": 0.6215057373046875}, "name": "Window_141_4_2"}, {"relative_position": {"y": 0.3396797180175781, "x": -0.565460205078125, "z": 0.1868438720703125}, "name": "Window_141_4_3"}]}