{"chunks": [{"relative_position": {"y": -0.3026618957519531, "x": 0.100616455078125, "z": -0.2279052734375}, "name": "Window_141_3_0"}, {"relative_position": {"y": -0.24045562744140625, "x": 1.6505584716796875, "z": 0.5691680908203125}, "name": "Window_141_3_1"}, {"relative_position": {"y": 0.32160186767578125, "x": -0.3843994140625, "z": -1.03570556640625}, "name": "Window_141_3_2"}, {"relative_position": {"y": -0.033130645751953125, "x": -1.4118194580078125, "z": -0.0061798095703125}, "name": "Window_141_3_3"}]}