{"chunks": [{"relative_position": {"y": -0.002498626708984375, "x": 0.5015716552734375, "z": -0.2885589599609375}, "name": "StairsStep_76_0"}, {"relative_position": {"y": 0.012081146240234375, "x": -0.021148681640625, "z": -1.7320938110351562}, "name": "StairsStep_76_1"}, {"relative_position": {"y": -0.00165557861328125, "x": 0.03598785400390625, "z": 1.674713134765625}, "name": "StairsStep_76_2"}, {"relative_position": {"y": 0.09329605102539062, "x": 0.3543243408203125, "z": 0.5320606231689453}, "name": "StairsStep_76_3"}]}