{"chunks": [{"relative_position": {"y": 0.00353240966796875, "x": 1.92572021484375, "z": -0.062042236328125}, "name": "StairsStep_194_0"}, {"relative_position": {"y": -0.09214019775390625, "x": -1.829254150390625, "z": 0.00113677978515625}, "name": "StairsStep_194_1"}, {"relative_position": {"y": -0.008449554443359375, "x": 0.6812591552734375, "z": 0.4966888427734375}, "name": "StairsStep_194_2"}, {"relative_position": {"y": 0.05277252197265625, "x": -1.8246307373046875, "z": 0.0029449462890625}, "name": "StairsStep_194_3"}]}