{"chunks": [{"relative_position": {"y": -0.7304420471191406, "x": -3.0658721923828125, "z": 2.3791656494140625}, "name": "Window_154_0"}, {"relative_position": {"y": 0.0079498291015625, "x": 4.481224060058594, "z": 0.1030731201171875}, "name": "Window_154_1"}, {"relative_position": {"y": 0.9185104370117188, "x": -2.740142822265625, "z": -2.646881103515625}, "name": "Window_154_2"}, {"relative_position": {"y": 0.2511863708496094, "x": 0.41607666015625, "z": 0.3801116943359375}, "name": "Window_154_3"}]}