{"chunks": [{"relative_position": {"y": 0.01811981201171875, "x": 0.4250335693359375, "z": -0.39631080627441406}, "name": "StairsStep_93_0"}, {"relative_position": {"y": -0.00208282470703125, "x": -0.04697418212890625, "z": 1.5774803161621094}, "name": "StairsStep_93_1"}, {"relative_position": {"y": 0.092437744140625, "x": -0.35951995849609375, "z": 0.11254501342773438}, "name": "StairsStep_93_2"}, {"relative_position": {"y": -0.00208282470703125, "x": -0.058399200439453125, "z": -1.7395954132080078}, "name": "StairsStep_93_3"}]}