{"chunks": [{"relative_position": {"y": 1.3066558837890625, "x": 2.8805007934570312, "z": -1.119140625}, "name": "Window_130_0"}, {"relative_position": {"y": -1.4897994995117188, "x": -3.3283042907714844, "z": 1.1731719970703125}, "name": "Window_130_1"}, {"relative_position": {"y": -1.7719497680664062, "x": 2.758014678955078, "z": 1.4973392486572266}, "name": "Window_130_2"}, {"relative_position": {"y": 1.6547317504882812, "x": -2.7959327697753906, "z": -1.3082313537597656}, "name": "Window_130_3"}]}