{"chunks": [{"relative_position": {"z": 0.2295684814453125, "x": 0.3427543640136719, "y": 0.29296112060546875}, "name": "Statue.012_0"}, {"relative_position": {"z": 0.5012168884277344, "x": -0.17024612426757812, "y": -0.7122726440429688}, "name": "Statue.012_1"}, {"relative_position": {"z": -0.008769989013671875, "x": -0.00977325439453125, "y": 0.8343276977539062}, "name": "Statue.012_2"}, {"relative_position": {"z": -0.63006591796875, "x": 0.12935256958007812, "y": -0.6883316040039062}, "name": "Statue.012_3"}]}