{"chunks": [{"relative_position": {"y": -0.0084991455078125, "x": 1.556884765625, "z": 0.04346466064453125}, "name": "StairsStep_198_0"}, {"relative_position": {"y": -0.01446533203125, "x": -1.55926513671875, "z": -0.3161163330078125}, "name": "StairsStep_198_1"}, {"relative_position": {"y": -0.11352157592773438, "x": 0.204437255859375, "z": 0.36109161376953125}, "name": "StairsStep_198_2"}, {"relative_position": {"y": -0.0101470947265625, "x": -1.5205230712890625, "z": 0.415069580078125}, "name": "StairsStep_198_3"}]}