{"chunks": [{"relative_position": {"y": -0.035976409912109375, "x": 2.084321975708008, "z": -0.051776885986328125}, "name": "StairsStep_101_0"}, {"relative_position": {"y": 0.012073516845703125, "x": -1.6166248321533203, "z": -0.02039337158203125}, "name": "StairsStep_101_1"}, {"relative_position": {"y": -0.018117904663085938, "x": -0.02417755126953125, "z": 0.4634513854980469}, "name": "StairsStep_101_2"}, {"relative_position": {"y": 0.014780044555664062, "x": 1.9039268493652344, "z": 0.42298126220703125}, "name": "StairsStep_101_3"}]}