{"chunks": [{"relative_position": {"y": 0.0938720703125, "x": 0.045932769775390625, "z": 0.5042495727539062}, "name": "StairsStep_104_0"}, {"relative_position": {"y": -0.0509796142578125, "x": 0.08082962036132812, "z": 0.509979248046875}, "name": "StairsStep_104_1"}, {"relative_position": {"y": 0.002227783203125, "x": -1.6356830596923828, "z": 0.0483551025390625}, "name": "StairsStep_104_2"}, {"relative_position": {"y": 0.00852203369140625, "x": 1.6726856231689453, "z": 0.0483551025390625}, "name": "StairsStep_104_3"}]}