{"chunks": [{"relative_position": {"y": -0.001312255859375, "x": 0.5188407897949219, "z": -0.020648956298828125}, "name": "StairsStep_89_0"}, {"relative_position": {"y": 0.01207733154296875, "x": 0.003143310546875, "z": -1.6147403717041016}, "name": "StairsStep_89_1"}, {"relative_position": {"y": -0.00087738037109375, "x": 0.046112060546875, "z": 1.6912784576416016}, "name": "StairsStep_89_2"}, {"relative_position": {"y": 0.0948486328125, "x": 0.40819549560546875, "z": 0.4900360107421875}, "name": "StairsStep_89_3"}]}