{"chunks": [{"relative_position": {"y": -0.30608201026916504, "x": -0.09172821044921875, "z": 0.9595603942871094}, "name": "Tape_21_0"}, {"relative_position": {"y": -0.3438720703125, "x": -0.06060028076171875, "z": 0.3327312469482422}, "name": "Tape_21_1"}, {"relative_position": {"y": 0.01079702377319336, "x": -0.44112396240234375, "z": 2.1252079010009766}, "name": "Tape_21_2"}, {"relative_position": {"y": -0.02393960952758789, "x": 0.406768798828125, "z": -1.930908203125}, "name": "Tape_21_3"}]}