{"chunks": [{"relative_position": {"z": -0.596527099609375, "x": -0.011045455932617188, "y": 0.6111049652099609}, "name": "Barrier_130_0"}, {"relative_position": {"z": 0.39557456970214844, "x": -0.06809425354003906, "y": -0.6959400177001953}, "name": "Barrier_130_1"}, {"relative_position": {"z": -0.5596485137939453, "x": 0.003337860107421875, "y": -0.6992397308349609}, "name": "Barrier_130_2"}, {"relative_position": {"z": 0.9958648681640625, "x": 0.002780914306640625, "y": -0.10327339172363281}, "name": "Barrier_130_3"}]}