{"chunks": [{"relative_position": {"z": -0.011047840118408203, "x": 0.9264612197875977, "y": 0.3964424133300781}, "name": "Barrier_50_0"}, {"relative_position": {"z": -0.022857666015625, "x": -1.0964502096176147, "y": -0.0171051025390625}, "name": "Barrier_50_1"}, {"relative_position": {"z": 0.011029481887817383, "x": 0.5733004808425903, "y": -0.7760696411132812}, "name": "Barrier_50_2"}, {"relative_position": {"z": 0.016762971878051758, "x": -0.5818573236465454, "y": 0.8584671020507812}, "name": "Barrier_50_3"}]}