{"chunks": [{"relative_position": {"y": -0.7967910766601562, "x": 3.7750396728515625, "z": 2.3830718994140625}, "name": "Window_136_0"}, {"relative_position": {"y": -0.22913360595703125, "x": 4.46148681640625, "z": -0.39592742919921875}, "name": "Window_136_1"}, {"relative_position": {"y": -0.020526885986328125, "x": -4.365043640136719, "z": -0.064727783203125}, "name": "Window_136_2"}, {"relative_position": {"y": 0.8318328857421875, "x": 3.8339920043945312, "z": -2.5809783935546875}, "name": "Window_136_3"}]}