{"chunks": [{"relative_position": {"y": 1.4474372863769531, "x": -0.005615234375, "z": -0.9973125457763672}, "name": "Glass_50_8_0"}, {"relative_position": {"y": -1.9585723876953125, "x": 0.00351715087890625, "z": 0.431365966796875}, "name": "Glass_50_8_1"}, {"relative_position": {"y": 0.3526268005371094, "x": 0.088470458984375, "z": 0.2557964324951172}, "name": "Glass_50_8_2"}, {"relative_position": {"y": 1.8513717651367188, "x": 0.00138092041015625, "z": 0.09520912170410156}, "name": "Glass_50_8_3"}]}