{"chunks": [{"relative_position": {"z": 0.0135955810546875, "x": 0.837249755859375, "y": 0.5712871551513672}, "name": "Barrier_100_0"}, {"relative_position": {"z": -0.01361846923828125, "x": 0.910736083984375, "y": -0.6433887481689453}, "name": "Barrier_100_1"}, {"relative_position": {"z": 0.01697540283203125, "x": -0.4185791015625, "y": -0.7829551696777344}, "name": "Barrier_100_2"}, {"relative_position": {"z": -0.0113525390625, "x": -1.155670166015625, "y": -0.02742767333984375}, "name": "Barrier_100_3"}]}