{"chunks": [{"relative_position": {"y": -0.00803375244140625, "x": 3.016632080078125, "z": 1.3605766296386719}, "name": "Exhibition_18.002_0"}, {"relative_position": {"y": -0.06024932861328125, "x": -0.0262451171875, "z": 0.11538314819335938}, "name": "Exhibition_18.002_1"}, {"relative_position": {"y": -0.0066986083984375, "x": -3.6461639404296875, "z": 0.03983306884765625}, "name": "Exhibition_18.002_2"}, {"relative_position": {"y": -0.00803375244140625, "x": 2.3743553161621094, "z": -2.2423171997070312}, "name": "Exhibition_18.002_3"}]}