{"chunks": [{"relative_position": {"y": 1.2757892608642578, "x": 0.01360321044921875, "z": 0.8055419921875}, "name": "Glass_37_0"}, {"relative_position": {"y": 0.3937644958496094, "x": 0.01700592041015625, "z": -1.0447158813476562}, "name": "Glass_37_1"}, {"relative_position": {"y": -1.5980815887451172, "x": -0.01132965087890625, "z": -0.02938079833984375}, "name": "Glass_37_2"}, {"relative_position": {"y": 1.9765357971191406, "x": -0.0135955810546875, "z": -0.8113555908203125}, "name": "Glass_37_3"}]}