{"chunks": [{"relative_position": {"y": -0.881591796875, "x": 1.8208084106445312, "z": 0.048778533935546875}, "name": "Tape_13_0"}, {"relative_position": {"y": -0.41486167907714844, "x": 0.04126739501953125, "z": -0.028759002685546875}, "name": "Tape_13_1"}, {"relative_position": {"y": 0.2411632537841797, "x": -1.1486587524414062, "z": -0.018177032470703125}, "name": "Tape_13_2"}, {"relative_position": {"y": 0.9541492462158203, "x": -2.0242691040039062, "z": -0.08282470703125}, "name": "Tape_13_3"}]}