{"chunks": [{"relative_position": {"y": 0.008029937744140625, "x": 0.62646484375, "z": -0.9115028381347656}, "name": "Exhibition_19.012_0"}, {"relative_position": {"y": -0.005352020263671875, "x": 1.7307281494140625, "z": -0.003818511962890625}, "name": "Exhibition_19.012_1"}, {"relative_position": {"y": 0.006427764892578125, "x": -1.05560302734375, "z": 0.9289894104003906}, "name": "Exhibition_19.012_2"}, {"relative_position": {"y": -0.006420135498046875, "x": -1.3455390930175781, "z": -0.5271644592285156}, "name": "Exhibition_19.012_3"}]}