{"chunks": [{"relative_position": {"y": 0.012075424194335938, "x": 1.5863723754882812, "z": -0.03655242919921875}, "name": "StairsStep_163_0"}, {"relative_position": {"y": -0.018098831176757812, "x": 0.12520599365234375, "z": -0.4581642150878906}, "name": "StairsStep_163_1"}, {"relative_position": {"y": -0.018098831176757812, "x": -0.3477325439453125, "z": 0.4189605712890625}, "name": "StairsStep_163_2"}, {"relative_position": {"y": 0.0120849609375, "x": -1.7216262817382812, "z": -0.045291900634765625}, "name": "StairsStep_163_3"}]}