{"chunks": [{"relative_position": {"z": 0.08286094665527344, "x": 0.03574371337890625, "y": 0.0587921142578125}, "name": "Barrier_193_0"}, {"relative_position": {"z": 0.01107025146484375, "x": -0.5942802429199219, "y": -0.6029052734375}, "name": "Barrier_193_1"}, {"relative_position": {"z": 0.01107025146484375, "x": -0.5894012451171875, "y": 0.6143646240234375}, "name": "Barrier_193_2"}, {"relative_position": {"z": 0.009224891662597656, "x": 0.9342536926269531, "y": 0.01779937744140625}, "name": "Barrier_193_3"}]}