{"chunks": [{"relative_position": {"y": -0.012075424194335938, "x": 1.6481895446777344, "z": -0.017772674560546875}, "name": "StairsStep_108_0"}, {"relative_position": {"y": -0.012088775634765625, "x": -1.6337471008300781, "z": -0.0113677978515625}, "name": "StairsStep_108_1"}, {"relative_position": {"y": 0.018095016479492188, "x": 0.15657997131347656, "z": 0.41811370849609375}, "name": "StairsStep_108_2"}, {"relative_position": {"y": 0.018095016479492188, "x": -0.13612937927246094, "z": -0.4268608093261719}, "name": "StairsStep_108_3"}]}