{"chunks": [{"relative_position": {"y": 0.6246299743652344, "x": 0.01029205322265625, "z": -0.6392488479614258}, "name": "Glass_51_9_0"}, {"relative_position": {"y": -1.2770156860351562, "x": -0.01165771484375, "z": 0.17835617065429688}, "name": "Glass_51_9_1"}, {"relative_position": {"y": -0.5230674743652344, "x": 0.0299072265625, "z": 0.6733064651489258}, "name": "Glass_51_9_2"}, {"relative_position": {"y": 1.41741943359375, "x": -0.01465606689453125, "z": 0.014017105102539062}, "name": "Glass_51_9_3"}]}