{"chunks": [{"relative_position": {"y": -0.060619354248046875, "x": 0.0964508056640625, "z": -0.3916912078857422}, "name": "Glass_51_0_0"}, {"relative_position": {"y": -1.3631210327148438, "x": 0.010223388671875, "z": -0.23723983764648438}, "name": "Glass_51_0_1"}, {"relative_position": {"y": -0.14533233642578125, "x": 0.0229949951171875, "z": 0.6822471618652344}, "name": "Glass_51_0_2"}, {"relative_position": {"y": 1.2086448669433594, "x": -0.003662109375, "z": -0.2546701431274414}, "name": "Glass_51_0_3"}]}