{"chunks": [{"relative_position": {"y": 0.26992034912109375, "x": 1.741546630859375, "z": -0.001556396484375}, "name": "Window_38_12_0"}, {"relative_position": {"y": -0.48630523681640625, "x": -1.5868606567382812, "z": 0.01629638671875}, "name": "Window_38_12_1"}, {"relative_position": {"y": -0.02840423583984375, "x": 0.10420989990234375, "z": 0.0959014892578125}, "name": "Window_38_12_2"}, {"relative_position": {"y": 0.5711593627929688, "x": -1.2012710571289062, "z": 0.006343841552734375}, "name": "Window_38_12_3"}]}