{"chunks": [{"relative_position": {"y": -1.3979110717773438, "x": 0.1685638427734375, "z": -0.0024871826171875}, "name": "Window_38_4_0"}, {"relative_position": {"y": -0.03359222412109375, "x": -1.4080047607421875, "z": 0.010211944580078125}, "name": "Window_38_4_1"}, {"relative_position": {"y": 1.1188583374023438, "x": 0.9008026123046875, "z": 0.02759552001953125}, "name": "Window_38_4_2"}, {"relative_position": {"y": 1.8620681762695312, "x": -0.581939697265625, "z": -0.00498199462890625}, "name": "Window_38_4_3"}]}