{"chunks": [{"relative_position": {"y": -0.46729278564453125, "x": 1.277313232421875, "z": 0.01328277587890625}, "name": "Window_38_10_0"}, {"relative_position": {"y": -0.9638748168945312, "x": 0.7993850708007812, "z": -0.039539337158203125}, "name": "Window_38_10_1"}, {"relative_position": {"y": -0.39560699462890625, "x": -0.5422592163085938, "z": -0.013866424560546875}, "name": "Window_38_10_2"}, {"relative_position": {"y": 0.4076995849609375, "x": -1.5560684204101562, "z": -0.0367279052734375}, "name": "Window_38_10_3"}]}