{"chunks": [{"relative_position": {"y": 0.272003173828125, "x": 1.6565322875976562, "z": 0.013484954833984375}, "name": "Window_38_11_0"}, {"relative_position": {"y": -1.0957412719726562, "x": -0.6339492797851562, "z": -0.010700225830078125}, "name": "Window_38_11_1"}, {"relative_position": {"y": -0.0901641845703125, "x": -1.440826416015625, "z": 0.021793365478515625}, "name": "Window_38_11_2"}, {"relative_position": {"y": 0.750274658203125, "x": 0.43099212646484375, "z": -0.018344879150390625}, "name": "Window_38_11_3"}]}