{"chunks": [{"relative_position": {"y": -0.6030426025390625, "x": 1.3643646240234375, "z": -0.0030364990234375}, "name": "Window_38_9_0"}, {"relative_position": {"y": 0.38813018798828125, "x": -1.5043563842773438, "z": 0.008068084716796875}, "name": "Window_38_9_1"}, {"relative_position": {"y": 0.37285614013671875, "x": 1.0894241333007812, "z": 0.014202117919921875}, "name": "Window_38_9_2"}, {"relative_position": {"y": 0.5541229248046875, "x": -0.173553466796875, "z": -0.08690261840820312}, "name": "Window_38_9_3"}]}