{"chunks": [{"relative_position": {"y": -0.10101890563964844, "x": 0.2124481201171875, "z": -0.3248748779296875}, "name": "StairsStep_174_0"}, {"relative_position": {"y": -0.018148422241210938, "x": -0.05132293701171875, "z": 0.4495811462402344}, "name": "StairsStep_174_1"}, {"relative_position": {"y": -0.00225067138671875, "x": 1.6659469604492188, "z": -0.032535552978515625}, "name": "StairsStep_174_2"}, {"relative_position": {"y": -0.00225067138671875, "x": -1.6201019287109375, "z": -0.05754852294921875}, "name": "StairsStep_174_3"}]}