{"chunks": [{"relative_position": {"y": -0.16988754272460938, "x": 1.4049348831176758, "z": 0.015184402465820312}, "name": "Glass_113_8_0"}, {"relative_position": {"y": -0.7373924255371094, "x": -0.5650367736816406, "z": 0.008176803588867188}, "name": "Glass_113_8_1"}, {"relative_position": {"y": 0.13476943969726562, "x": 0.13375282287597656, "z": 0.11085700988769531}, "name": "Glass_113_8_2"}, {"relative_position": {"y": 0.6949272155761719, "x": -0.8785362243652344, "z": 0.0019073486328125}, "name": "Glass_113_8_3"}]}