{"chunks": [{"relative_position": {"y": -0.1822357177734375, "x": -0.0006256103515625, "z": 0.43229103088378906}, "name": "Glass_51_3_0"}, {"relative_position": {"y": -1.2600898742675781, "x": -0.019378662109375, "z": -0.2934989929199219}, "name": "Glass_51_3_1"}, {"relative_position": {"y": 0.021938323974609375, "x": -0.09537506103515625, "z": -0.06663131713867188}, "name": "Glass_51_3_2"}, {"relative_position": {"y": 1.2391891479492188, "x": 0.0140228271484375, "z": 0.28008079528808594}, "name": "Glass_51_3_3"}]}