{"chunks": [{"relative_position": {"y": -0.7675590515136719, "x": 3.872364044189453, "z": 2.283538818359375}, "name": "Window_147_0"}, {"relative_position": {"y": 0.8901519775390625, "x": 3.709228515625, "z": -2.7692413330078125}, "name": "Window_147_1"}, {"relative_position": {"y": 0.047718048095703125, "x": -4.386754989624023, "z": -0.018157958984375}, "name": "Window_147_2"}, {"relative_position": {"y": 0.4406890869140625, "x": 4.4736175537109375, "z": -0.418182373046875}, "name": "Window_147_3"}]}