{"chunks": [{"relative_position": {"y": 0.5050888061523438, "x": 0.8365707397460938, "z": 0.5636606216430664}, "name": "Window_26_7_0"}, {"relative_position": {"y": -0.6145782470703125, "x": -1.5938186645507812, "z": -0.9684514999389648}, "name": "Window_26_7_1"}, {"relative_position": {"y": -0.25128936767578125, "x": 1.5399513244628906, "z": 1.401357650756836}, "name": "Window_26_7_2"}, {"relative_position": {"y": 0.6235122680664062, "x": -0.38489532470703125, "z": -0.06812381744384766}, "name": "Window_26_7_3"}]}