{"chunks": [{"relative_position": {"y": 0.06783485412597656, "x": 0.4308319091796875, "z": 0.8080902099609375}, "name": "StairsStep_215_0"}, {"relative_position": {"y": 0.0040493011474609375, "x": 1.2524948120117188, "z": 0.4718475341796875}, "name": "StairsStep_215_1"}, {"relative_position": {"y": 0.004858970642089844, "x": -0.8614501953125, "z": 0.2577056884765625}, "name": "StairsStep_215_2"}, {"relative_position": {"y": 0.008982658386230469, "x": -0.6465377807617188, "z": -0.6443939208984375}, "name": "StairsStep_215_3"}]}