{"chunks": [{"relative_position": {"y": -1.0864334106445312, "x": 3.381593704223633, "z": 3.4642333984375}, "name": "Window_165_0"}, {"relative_position": {"y": -0.6363677978515625, "x": -4.049997329711914, "z": 1.786895751953125}, "name": "Window_165_1"}, {"relative_position": {"y": 1.0215187072753906, "x": -2.9877376556396484, "z": -2.960845947265625}, "name": "Window_165_2"}, {"relative_position": {"y": 0.3703041076660156, "x": 4.461967468261719, "z": -1.2814483642578125}, "name": "Window_165_3"}]}