{"chunks": [{"relative_position": {"y": 0.05274200439453125, "x": 0.2825775146484375, "z": -0.6863021850585938}, "name": "Window_118_0_0"}, {"relative_position": {"y": -0.8023757934570312, "x": -0.6603469848632812, "z": -0.9012699127197266}, "name": "Window_118_0_1"}, {"relative_position": {"y": 0.17594146728515625, "x": 0.0731201171875, "z": 0.9344043731689453}, "name": "Window_118_0_2"}, {"relative_position": {"y": 0.924652099609375, "x": 0.7110137939453125, "z": 0.6522006988525391}, "name": "Window_118_0_3"}]}