{"chunks": [{"relative_position": {"y": -0.035503387451171875, "x": -2.0556182861328125, "z": -0.0376434326171875}, "name": "StairsStep_195_0"}, {"relative_position": {"y": -0.018131256103515625, "x": 0.18798828125, "z": 0.44913482666015625}, "name": "StairsStep_195_1"}, {"relative_position": {"y": 0.012065887451171875, "x": 1.6472930908203125, "z": -0.01172637939453125}, "name": "StairsStep_195_2"}, {"relative_position": {"y": 0.0153350830078125, "x": -1.8028564453125, "z": 0.44506072998046875}, "name": "StairsStep_195_3"}]}