{"chunks": [{"relative_position": {"z": -0.97186279296875, "x": 0.00920647382736206, "y": -0.01958465576171875}, "name": "Barrier_152_0"}, {"relative_position": {"z": 0.5448150634765625, "x": 0.011020779609680176, "y": -0.6428909301757812}, "name": "Barrier_152_1"}, {"relative_position": {"z": -0.14159011840820312, "x": 0.08279168605804443, "y": -0.061767578125}, "name": "Barrier_152_2"}, {"relative_position": {"z": 0.5749416351318359, "x": 0.011020541191101074, "y": 0.6137237548828125}, "name": "Barrier_152_3"}]}