{"chunks": [{"relative_position": {"y": 0.018108367919921875, "x": 0.4289588928222656, "z": -0.23495864868164062}, "name": "StairsStep_84_0"}, {"relative_position": {"y": 0.005466461181640625, "x": -0.047939300537109375, "z": 1.5756034851074219}, "name": "StairsStep_84_1"}, {"relative_position": {"y": 0.10754776000976562, "x": -0.3516044616699219, "z": 0.06629371643066406}, "name": "StairsStep_84_2"}, {"relative_position": {"y": 0.005466461181640625, "x": -0.05615234375, "z": -1.671102523803711}, "name": "StairsStep_84_3"}]}