{"chunks": [{"relative_position": {"y": 0.005706787109375, "x": 0.419036865234375, "z": 0.7659454345703125}, "name": "Window_151_5_0"}, {"relative_position": {"y": -0.2866706848144531, "x": 1.4768829345703125, "z": 0.551483154296875}, "name": "Window_151_5_1"}, {"relative_position": {"y": -0.14844894409179688, "x": -1.4135284423828125, "z": 0.2279052734375}, "name": "Window_151_5_2"}, {"relative_position": {"y": 0.4009857177734375, "x": 0.80938720703125, "z": -0.683868408203125}, "name": "Window_151_5_3"}]}