{"chunks": [{"relative_position": {"y": 0.007472991943359375, "x": 0.537200927734375, "z": -1.276885986328125}, "name": "StairsStep_50_0"}, {"relative_position": {"y": -0.01119232177734375, "x": -0.5640869140625, "z": -0.231781005859375}, "name": "StairsStep_50_1"}, {"relative_position": {"y": -0.01119232177734375, "x": 0.7453231811523438, "z": -0.045379638671875}, "name": "StairsStep_50_2"}, {"relative_position": {"y": 0.00748443603515625, "x": -0.43292999267578125, "z": 1.08148193359375}, "name": "StairsStep_50_3"}]}