{"chunks": [{"relative_position": {"z": -0.04210662841796875, "x": -0.0555267333984375, "y": 0.8278350830078125}, "name": "Statue.011_0"}, {"relative_position": {"z": 0.2565803527832031, "x": -0.4250907897949219, "y": -0.324127197265625}, "name": "Statue.011_1"}, {"relative_position": {"z": -0.4925498962402344, "x": 0.16152191162109375, "y": -0.795806884765625}, "name": "Statue.011_2"}, {"relative_position": {"z": 0.6959991455078125, "x": 0.14092636108398438, "y": -0.4630279541015625}, "name": "Statue.011_3"}]}