{"chunks": [{"relative_position": {"z": 0.013810157775878906, "x": 0.042789459228515625, "y": -0.8053741455078125}, "name": "Barrier_198_0"}, {"relative_position": {"z": -0.009183883666992188, "x": 0.9574241638183594, "y": -0.0298919677734375}, "name": "Barrier_198_1"}, {"relative_position": {"z": -0.011020183563232422, "x": -0.9768962860107422, "y": -0.71282958984375}, "name": "Barrier_198_2"}, {"relative_position": {"z": 0.011075973510742188, "x": -0.7286710739135742, "y": 0.4947052001953125}, "name": "Barrier_198_3"}]}