{"chunks": [{"relative_position": {"y": -0.18167400360107422, "x": 1.1419601440429688, "z": 0.6449165344238281}, "name": "Tape_19_0"}, {"relative_position": {"y": -0.04814863204956055, "x": -1.58349609375, "z": -0.8865394592285156}, "name": "Tape_19_1"}, {"relative_position": {"y": -0.32450008392333984, "x": 0.3926239013671875, "z": 0.3349037170410156}, "name": "Tape_19_2"}, {"relative_position": {"y": 0.28214025497436523, "x": 2.6764907836914062, "z": 1.5284385681152344}, "name": "Tape_19_3"}]}