{"chunks": [{"relative_position": {"y": 0.012048721313476562, "x": 0.011333465576171875, "z": -4.3596649169921875}, "name": "Glass_66_0"}, {"relative_position": {"y": -2.286823272705078, "x": -0.01361083984375, "z": 3.0743942260742188}, "name": "Glass_66_1"}, {"relative_position": {"y": 2.3325767517089844, "x": 0.01358795166015625, "z": 3.9367446899414062}, "name": "Glass_66_2"}, {"relative_position": {"y": 2.9092369079589844, "x": -0.0170135498046875, "z": -1.0661087036132812}, "name": "Glass_66_3"}]}