{"chunks": [{"relative_position": {"y": 0.014934539794921875, "x": -1.7681884765625, "z": -1.7145156860351562}, "name": "Platform_6_0"}, {"relative_position": {"y": -0.014911651611328125, "x": -1.690765380859375, "z": 1.5518722534179688}, "name": "Platform_6_1"}, {"relative_position": {"y": -0.014911651611328125, "x": 1.4975433349609375, "z": -1.7468414306640625}, "name": "Platform_6_2"}, {"relative_position": {"y": 0.014957427978515625, "x": 1.5890960693359375, "z": 1.5323638916015625}, "name": "Platform_6_3"}]}