{"chunks": [{"relative_position": {"y": 0.07565116882324219, "x": 0.22183609008789062, "z": 0.1205596923828125}, "name": "Window_50_6_0"}, {"relative_position": {"y": -0.8805885314941406, "x": 0.3371467590332031, "z": -0.03076171875}, "name": "Window_50_6_1"}, {"relative_position": {"y": -1.4813823699951172, "x": -0.2678680419921875, "z": -0.046478271484375}, "name": "Window_50_6_2"}, {"relative_position": {"y": 1.2553787231445312, "x": -0.007656097412109375, "z": 0.07452392578125}, "name": "Window_50_6_3"}]}