{"chunks": [{"relative_position": {"y": -0.01811981201171875, "x": 0.4267311096191406, "z": -0.2666282653808594}, "name": "StairsStep_132_0"}, {"relative_position": {"y": -0.07303619384765625, "x": -0.3609199523925781, "z": 0.21197891235351562}, "name": "StairsStep_132_1"}, {"relative_position": {"y": 0.01177978515625, "x": -0.044185638427734375, "z": 1.630157470703125}, "name": "StairsStep_132_2"}, {"relative_position": {"y": 0.01177978515625, "x": -0.058315277099609375, "z": -1.6725997924804688}, "name": "StairsStep_132_3"}]}