{"chunks": [{"relative_position": {"y": 0.01207733154296875, "x": 1.6079864501953125, "z": 0.01746368408203125}, "name": "StairsStep_206_0"}, {"relative_position": {"y": -0.01589202880859375, "x": -1.5402069091796875, "z": -0.47206878662109375}, "name": "StairsStep_206_1"}, {"relative_position": {"y": -0.018085479736328125, "x": 0.2446136474609375, "z": 0.43791961669921875}, "name": "StairsStep_206_2"}, {"relative_position": {"y": 0.035060882568359375, "x": -2.03387451171875, "z": 0.04668426513671875}, "name": "StairsStep_206_3"}]}