{"chunks": [{"relative_position": {"y": -0.3618621826171875, "x": 0.2111663818359375, "z": 0.15267181396484375}, "name": "Tape_10_0"}, {"relative_position": {"y": -0.265655517578125, "x": -0.399871826171875, "z": -0.76361083984375}, "name": "Tape_10_1"}, {"relative_position": {"y": -0.04755401611328125, "x": 0.8694915771484375, "z": 1.6099700927734375}, "name": "Tape_10_2"}, {"relative_position": {"y": 0.2094573974609375, "x": -1.3594207763671875, "z": -2.53961181640625}, "name": "Tape_10_3"}]}