{"chunks": [{"relative_position": {"y": -1.0168991088867188, "x": 0.483978271484375, "z": -0.02070903778076172}, "name": "Window_6_5_0"}, {"relative_position": {"y": -0.705078125, "x": -0.4801483154296875, "z": 0.05568408966064453}, "name": "Window_6_5_1"}, {"relative_position": {"y": 0.9143524169921875, "x": 0.6110382080078125, "z": 3.24249267578125e-05}, "name": "Window_6_5_2"}, {"relative_position": {"y": -0.0451812744140625, "x": -0.8858642578125, "z": -0.005985260009765625}, "name": "Window_6_5_3"}]}