{"chunks": [{"relative_position": {"y": -0.1230926513671875, "x": 1.858184814453125, "z": 0.0010213851928710938}, "name": "Window_6_12_0"}, {"relative_position": {"y": 0.565155029296875, "x": 2.0201263427734375, "z": -0.08060169219970703}, "name": "Window_6_12_1"}, {"relative_position": {"y": -0.35746002197265625, "x": -1.897735595703125, "z": -0.0025768280029296875}, "name": "Window_6_12_2"}, {"relative_position": {"y": 1.2213363647460938, "x": 0.83929443359375, "z": 0.010491371154785156}, "name": "Window_6_12_3"}]}