{"chunks": [{"relative_position": {"y": -2.0417709350585938, "x": -0.0843963623046875, "z": -0.0017862319946289062}, "name": "Window_6_7_0"}, {"relative_position": {"y": -0.6427993774414062, "x": 1.123199462890625, "z": -0.00669097900390625}, "name": "Window_6_7_1"}, {"relative_position": {"y": -0.12551116943359375, "x": -1.2896881103515625, "z": -0.027350425720214844}, "name": "Window_6_7_2"}, {"relative_position": {"y": 1.195556640625, "x": -0.3676300048828125, "z": -0.004390716552734375}, "name": "Window_6_7_3"}]}