{"chunks": [{"relative_position": {"y": -0.4451141357421875, "x": 1.7907562255859375, "z": 0.0060214996337890625}, "name": "Window_6_9_0"}, {"relative_position": {"y": -0.8150558471679688, "x": 0.3476104736328125, "z": -0.036263465881347656}, "name": "Window_6_9_1"}, {"relative_position": {"y": 0.532257080078125, "x": -1.6398773193359375, "z": 0.0062046051025390625}, "name": "Window_6_9_2"}, {"relative_position": {"y": 1.2480697631835938, "x": -1.0321502685546875, "z": 0.014246940612792969}, "name": "Window_6_9_3"}]}