{"chunks": [{"relative_position": {"y": 0.122222900390625, "x": 0.0566253662109375, "z": -0.1127767562866211}, "name": "Window_6_10_0"}, {"relative_position": {"y": -0.27748870849609375, "x": -0.628448486328125, "z": -0.03000354766845703}, "name": "Window_6_10_1"}, {"relative_position": {"y": -0.14654541015625, "x": 0.7750701904296875, "z": -0.014206886291503906}, "name": "Window_6_10_2"}, {"relative_position": {"y": 0.32238006591796875, "x": -0.452178955078125, "z": -0.003925323486328125}, "name": "Window_6_10_3"}]}