{"chunks": [{"relative_position": {"y": 0.008969306945800781, "x": -0.21575927734375, "z": 1.1281585693359375}, "name": "StairsStep_2_0"}, {"relative_position": {"y": 0.00896453857421875, "x": 0.9570236206054688, "z": 0.7460479736328125}, "name": "StairsStep_2_1"}, {"relative_position": {"y": 0.0074710845947265625, "x": -0.16922760009765625, "z": -1.0805206298828125}, "name": "StairsStep_2_2"}, {"relative_position": {"y": 0.06724739074707031, "x": 0.07903289794921875, "z": 0.1508026123046875}, "name": "StairsStep_2_3"}]}