{"chunks": [{"relative_position": {"y": 0.8092231750488281, "x": 0.013599395751953125, "z": -1.3397789001464844}, "name": "Barrier_41_0"}, {"relative_position": {"y": -0.38785362243652344, "x": -0.013591766357421875, "z": -1.1028785705566406}, "name": "Barrier_41_1"}, {"relative_position": {"y": 0.016744613647460938, "x": 0.011341094970703125, "z": 1.2713546752929688}, "name": "Barrier_41_2"}, {"relative_position": {"y": 0.8128833770751953, "x": -0.016986846923828125, "z": 0.11555862426757812}, "name": "Barrier_41_3"}]}