{"chunks": [{"relative_position": {"z": -0.9161596298217773, "x": -0.01104736328125, "y": -0.5653839111328125}, "name": "Barrier_179_0"}, {"relative_position": {"z": 0.619593620300293, "x": 0.011020660400390625, "y": -0.6036911010742188}, "name": "Barrier_179_1"}, {"relative_position": {"z": -0.9217557907104492, "x": 0.011020660400390625, "y": 0.5921707153320312}, "name": "Barrier_179_2"}, {"relative_position": {"z": 0.6118001937866211, "x": -0.011074066162109375, "y": 0.6120529174804688}, "name": "Barrier_179_3"}]}