{"chunks": [{"relative_position": {"y": -1.0058670043945312, "x": 2.417675018310547, "z": 0.8899345397949219}, "name": "Tape_15_0"}, {"relative_position": {"y": -0.20628833770751953, "x": -0.3690185546875, "z": -0.18037033081054688}, "name": "Tape_15_1"}, {"relative_position": {"y": -0.7076644897460938, "x": 0.9484443664550781, "z": 0.37749481201171875}, "name": "Tape_15_2"}, {"relative_position": {"y": 0.8256301879882812, "x": -1.7781181335449219, "z": -0.6561241149902344}, "name": "Tape_15_3"}]}