{"chunks": [{"relative_position": {"y": 0.6478805541992188, "x": 3.412090301513672, "z": -2.127532958984375}, "name": "Window_140_0"}, {"relative_position": {"y": -0.9113121032714844, "x": -4.607818603515625, "z": 2.6248931884765625}, "name": "Window_140_1"}, {"relative_position": {"y": -0.8685073852539062, "x": 2.831514358520508, "z": 2.799957275390625}, "name": "Window_140_2"}, {"relative_position": {"y": 0.719573974609375, "x": -4.127485275268555, "z": -2.0405502319335938}, "name": "Window_140_3"}]}