{"chunks": [{"relative_position": {"y": -0.016780853271484375, "x": 4.374050140380859, "z": -0.0761566162109375}, "name": "Window_146_0"}, {"relative_position": {"y": -0.15871429443359375, "x": -4.467563629150391, "z": -0.4312896728515625}, "name": "Window_146_1"}, {"relative_position": {"y": -0.7920684814453125, "x": -3.7194137573242188, "z": 2.4762725830078125}, "name": "Window_146_2"}, {"relative_position": {"y": 0.884368896484375, "x": -3.876415252685547, "z": -2.633544921875}, "name": "Window_146_3"}]}