{"chunks": [{"relative_position": {"y": 0.7053718566894531, "x": 1.4700355529785156, "z": 0.001842498779296875}, "name": "Glass_6_4_0"}, {"relative_position": {"y": -1.2363662719726562, "x": -0.668670654296875, "z": 0.03174591064453125}, "name": "Glass_6_4_1"}, {"relative_position": {"y": 0.6779670715332031, "x": -0.1245880126953125, "z": 0.027858734130859375}, "name": "Glass_6_4_2"}, {"relative_position": {"y": -0.5722579956054688, "x": -1.56976318359375, "z": -0.003635406494140625}, "name": "Glass_6_4_3"}]}