{"chunks": [{"relative_position": {"z": -0.5624885559082031, "x": 0.01104736328125, "y": 0.6522369384765625}, "name": "Barrier_174_0"}, {"relative_position": {"z": -0.6553268432617188, "x": -0.011066436767578125, "y": -0.6174468994140625}, "name": "Barrier_174_1"}, {"relative_position": {"z": 0.3690948486328125, "x": 0.013790130615234375, "y": -0.8375167846679688}, "name": "Barrier_174_2"}, {"relative_position": {"z": 0.9899978637695312, "x": -0.009220123291015625, "y": -0.07398223876953125}, "name": "Barrier_174_3"}]}