{"chunks": [{"relative_position": {"y": -0.018114089965820312, "x": -0.22208404541015625, "z": -0.4222679138183594}, "name": "StairsStep_172_0"}, {"relative_position": {"y": -0.018140792846679688, "x": 0.564849853515625, "z": 0.41272735595703125}, "name": "StairsStep_172_1"}, {"relative_position": {"y": 0.012058258056640625, "x": 1.8571701049804688, "z": -0.007801055908203125}, "name": "StairsStep_172_2"}, {"relative_position": {"y": 0.012058258056640625, "x": -1.6420516967773438, "z": 0.00473785400390625}, "name": "StairsStep_172_3"}]}