{"chunks": [{"relative_position": {"y": -0.36215972900390625, "x": 0.08645248413085938, "z": 0.0727691650390625}, "name": "Tape_8.001_0"}, {"relative_position": {"y": -0.046566009521484375, "x": 1.8547172546386719, "z": -0.0022869110107421875}, "name": "Tape_8.001_1"}, {"relative_position": {"y": -0.32209014892578125, "x": -0.5658645629882812, "z": -0.025989532470703125}, "name": "Tape_8.001_2"}, {"relative_position": {"y": 0.044376373291015625, "x": -2.3186416625976562, "z": 0.00600433349609375}, "name": "Tape_8.001_3"}]}