{"chunks": [{"relative_position": {"y": -0.038631439208984375, "x": 0.01132965087890625, "z": 4.261962890625}, "name": "Glass_65_0"}, {"relative_position": {"y": -2.9302406311035156, "x": -0.016986846923828125, "z": 0.7852935791015625}, "name": "Glass_65_1"}, {"relative_position": {"y": 2.7625980377197266, "x": -0.01358795166015625, "z": -2.60797119140625}, "name": "Glass_65_2"}, {"relative_position": {"y": -1.889364242553711, "x": 0.01361083984375, "z": -3.595703125}, "name": "Glass_65_3"}]}