{"chunks": [{"relative_position": {"y": 0.017139434814453125, "x": -0.107574462890625, "z": 0.5047149658203125}, "name": "StairsStep_196_0"}, {"relative_position": {"y": 0.012081146240234375, "x": 1.6089630126953125, "z": -0.04354095458984375}, "name": "StairsStep_196_1"}, {"relative_position": {"y": 0.01143646240234375, "x": -1.7080841064453125, "z": 0.0142974853515625}, "name": "StairsStep_196_2"}, {"relative_position": {"y": 0.11948776245117188, "x": -0.7057952880859375, "z": 0.30394744873046875}, "name": "StairsStep_196_3"}]}