{"chunks": [{"relative_position": {"y": 1.0410041809082031, "x": 0.00171661376953125, "z": -0.9846916198730469}, "name": "Glass_110_3_0"}, {"relative_position": {"y": -1.1577987670898438, "x": -0.00708770751953125, "z": 0.36293601989746094}, "name": "Glass_110_3_1"}, {"relative_position": {"y": 1.1515121459960938, "x": 0.00170135498046875, "z": 0.48220252990722656}, "name": "Glass_110_3_2"}, {"relative_position": {"y": 0.113311767578125, "x": -0.08925628662109375, "z": 0.10774803161621094}, "name": "Glass_110_3_3"}]}