{"chunks": [{"relative_position": {"y": 0.0405731201171875, "x": 0.01132965087890625, "z": -4.423805236816406}, "name": "Glass_110_0"}, {"relative_position": {"y": -2.6082000732421875, "x": -0.01361083984375, "z": 3.0592288970947266}, "name": "Glass_110_1"}, {"relative_position": {"y": 2.1904525756835938, "x": 0.01358795166015625, "z": 3.976482391357422}, "name": "Glass_110_2"}, {"relative_position": {"y": 3.0291061401367188, "x": -0.0170135498046875, "z": -0.7214565277099609}, "name": "Glass_110_3"}]}