{"chunks": [{"relative_position": {"y": -0.010223388671875, "x": 0.040103912353515625, "z": 1.8175392150878906}, "name": "StairsStep_127_0"}, {"relative_position": {"y": -0.0153656005859375, "x": 0.5070419311523438, "z": 0.040950775146484375}, "name": "StairsStep_127_1"}, {"relative_position": {"y": 0.0120697021484375, "x": -0.013065338134765625, "z": -1.6186332702636719}, "name": "StairsStep_127_2"}, {"relative_position": {"y": 0.0761260986328125, "x": 0.3712196350097656, "z": 0.8094139099121094}, "name": "StairsStep_127_3"}]}