{"chunks": [{"relative_position": {"z": 0.7626132965087891, "x": 0.011048316955566406, "y": -0.58642578125}, "name": "Barrier_45_0"}, {"relative_position": {"z": -0.9960908889770508, "x": 0.009228229522705078, "y": -0.022823333740234375}, "name": "Barrier_45_1"}, {"relative_position": {"z": -0.3348808288574219, "x": -0.013777732849121094, "y": -0.7683525085449219}, "name": "Barrier_45_2"}, {"relative_position": {"z": 0.6220703125, "x": -0.011022090911865234, "y": 0.6161537170410156}, "name": "Barrier_45_3"}]}