{"chunks": [{"relative_position": {"y": -0.18780517578125, "x": 0.11115264892578125, "z": -0.06458663940429688}, "name": "Window_1_5_0"}, {"relative_position": {"y": 0.18636322021484375, "x": -0.0164642333984375, "z": -1.0763130187988281}, "name": "Window_1_5_1"}, {"relative_position": {"y": -0.38521575927734375, "x": 0.0453338623046875, "z": 0.565704345703125}, "name": "Window_1_5_2"}, {"relative_position": {"y": -0.284454345703125, "x": 0.06310272216796875, "z": 1.2922248840332031}, "name": "Window_1_5_3"}]}