{"chunks": [{"relative_position": {"y": 0.611175537109375, "x": -0.09490966796875, "z": 0.7306137084960938}, "name": "Window_1_1_0"}, {"relative_position": {"y": -0.9684066772460938, "x": 0.22513580322265625, "z": -0.826446533203125}, "name": "Window_1_1_1"}, {"relative_position": {"y": -0.9600830078125, "x": 0.186279296875, "z": 1.0814361572265625}, "name": "Window_1_1_2"}, {"relative_position": {"y": 1.5464935302734375, "x": -0.3138885498046875, "z": -0.47159576416015625}, "name": "Window_1_1_3"}]}