{"chunks": [{"relative_position": {"y": 0.2529144287109375, "x": 0.0555267333984375, "z": -0.27536773681640625}, "name": "Window_46_9_0"}, {"relative_position": {"y": -0.9915618896484375, "x": -0.012451171875, "z": -0.30039215087890625}, "name": "Window_46_9_1"}, {"relative_position": {"y": 1.1921157836914062, "x": 0.002899169921875, "z": 0.71868896484375}, "name": "Window_46_9_2"}, {"relative_position": {"y": 1.1759796142578125, "x": -0.045318603515625, "z": 0.07645416259765625}, "name": "Window_46_9_3"}]}