{"chunks": [{"relative_position": {"y": -0.9692153930664062, "x": 0.0247650146484375, "z": 1.0406265258789062}, "name": "Window_46_8_0"}, {"relative_position": {"y": 0.09032440185546875, "x": 0.0036468505859375, "z": -1.3733596801757812}, "name": "Window_46_8_1"}, {"relative_position": {"y": -1.1579818725585938, "x": -0.0043792724609375, "z": -0.8152542114257812}, "name": "Window_46_8_2"}, {"relative_position": {"y": 0.6853179931640625, "x": -0.0049591064453125, "z": 1.2406234741210938}, "name": "Window_46_8_3"}]}