{"chunks": [{"relative_position": {"y": -0.40415191650390625, "x": 0.0229949951171875, "z": 1.1559371948242188}, "name": "Window_46_4_0"}, {"relative_position": {"y": -0.7320098876953125, "x": -0.015960693359375, "z": 0.05792999267578125}, "name": "Window_46_4_1"}, {"relative_position": {"y": 1.3066482543945312, "x": 0.0213775634765625, "z": 0.09604644775390625}, "name": "Window_46_4_2"}, {"relative_position": {"y": -0.58721923828125, "x": 0.036590576171875, "z": -1.0140380859375}, "name": "Window_46_4_3"}]}