{"chunks": [{"relative_position": {"y": -0.10033416748046875, "x": 0.0254669189453125, "z": 0.0125579833984375}, "name": "Window_46_5_0"}, {"relative_position": {"y": -0.026092529296875, "x": -0.0061187744140625, "z": -0.873870849609375}, "name": "Window_46_5_1"}, {"relative_position": {"y": 0.02048492431640625, "x": -0.0054931640625, "z": 0.918670654296875}, "name": "Window_46_5_2"}, {"relative_position": {"y": 0.107086181640625, "x": 0.024200439453125, "z": 0.0817413330078125}, "name": "Window_46_5_3"}]}