{"chunks": [{"relative_position": {"y": 0.10868453979492188, "x": 0.0113677978515625, "z": 0.00464630126953125}, "name": "StairsStep_151_0"}, {"relative_position": {"y": 0.0145111083984375, "x": 1.5634384155273438, "z": -0.316162109375}, "name": "StairsStep_151_1"}, {"relative_position": {"y": 0.0145111083984375, "x": 1.5438690185546875, "z": 0.381866455078125}, "name": "StairsStep_151_2"}, {"relative_position": {"y": 0.01209259033203125, "x": -1.535400390625, "z": -0.0001220703125}, "name": "StairsStep_151_3"}]}