{"chunks": [{"relative_position": {"y": 0.018115997314453125, "x": -0.36798095703125, "z": 0.42894744873046875}, "name": "StairsStep_202_0"}, {"relative_position": {"y": 0.00812530517578125, "x": 1.55377197265625, "z": -0.05129241943359375}, "name": "StairsStep_202_1"}, {"relative_position": {"y": 0.00812530517578125, "x": -1.7382965087890625, "z": -0.05291748046875}, "name": "StairsStep_202_2"}, {"relative_position": {"y": 0.11285781860351562, "x": 0.00262451171875, "z": -0.35144805908203125}, "name": "StairsStep_202_3"}]}