{"chunks": [{"relative_position": {"y": -2.6324234008789062, "x": 2.5028038024902344, "z": 0.013601303100585938}, "name": "Glass_13_0"}, {"relative_position": {"y": 0.02837371826171875, "x": -0.0129241943359375, "z": 0.1020050048828125}, "name": "Glass_13_1"}, {"relative_position": {"y": 2.0159378051757812, "x": 3.0607261657714844, "z": 0.013605117797851562}, "name": "Glass_13_2"}, {"relative_position": {"y": 0.01348876953125, "x": -4.0605316162109375, "z": 0.0113372802734375}, "name": "Glass_13_3"}]}