{"chunks": [{"relative_position": {"y": -0.48598289489746094, "x": 0.013599395751953125, "z": 1.4394340515136719}, "name": "Barrier_38_0"}, {"relative_position": {"y": -0.8913860321044922, "x": -0.03189659118652344, "z": -0.6984329223632812}, "name": "Barrier_38_1"}, {"relative_position": {"y": 0.6771697998046875, "x": -0.013574600219726562, "z": 1.0776939392089844}, "name": "Barrier_38_2"}, {"relative_position": {"y": 0.0213165283203125, "x": 0.018751144409179688, "z": -1.3645057678222656}, "name": "Barrier_38_3"}]}