{"chunks": [{"relative_position": {"y": 0.008966445922851562, "x": 0.6397171020507812, "z": 1.07330322265625}, "name": "StairsStep_44_0"}, {"relative_position": {"y": 0.007480621337890625, "x": -0.13944244384765625, "z": -1.059112548828125}, "name": "StairsStep_44_1"}, {"relative_position": {"y": 0.008977890014648438, "x": -0.6003189086914062, "z": 1.1664276123046875}, "name": "StairsStep_44_2"}, {"relative_position": {"y": 0.06728744506835938, "x": -0.12738800048828125, "z": 0.4713134765625}, "name": "StairsStep_44_3"}]}