{"chunks": [{"relative_position": {"y": -0.211700439453125, "x": 0.2565169334411621, "z": 0.11745071411132812}, "name": "Window_100_0"}, {"relative_position": {"y": -0.07330322265625, "x": -3.282541275024414, "z": -0.02696990966796875}, "name": "Window_100_1"}, {"relative_position": {"y": 2.0085067749023438, "x": 0.0245513916015625, "z": 1.6843643188476562}, "name": "Window_100_2"}, {"relative_position": {"y": -1.4238052368164062, "x": 2.7493762969970703, "z": -1.1264152526855469}, "name": "Window_100_3"}]}