{"chunks": [{"relative_position": {"y": 0.012073516845703125, "x": 0.002498626708984375, "z": -1.5464229583740234}, "name": "StairsStep_82_0"}, {"relative_position": {"y": -0.01810455322265625, "x": -0.4499359130859375, "z": 0.4343852996826172}, "name": "StairsStep_82_1"}, {"relative_position": {"y": -0.014484405517578125, "x": 0.3091011047363281, "z": 1.6751041412353516}, "name": "StairsStep_82_2"}, {"relative_position": {"y": 0.014499664306640625, "x": -0.3438720703125, "z": 2.1202850341796875}, "name": "StairsStep_82_3"}]}