{"chunks": [{"relative_position": {"y": -0.02167987823486328, "x": 1.7406082153320312, "z": -1.0020904541015625}, "name": "Tape_22_0"}, {"relative_position": {"y": -0.35247373580932617, "x": 0.16455078125, "z": -0.070831298828125}, "name": "Tape_22_1"}, {"relative_position": {"y": -0.03947639465332031, "x": -1.6770248413085938, "z": 0.9738998413085938}, "name": "Tape_22_2"}, {"relative_position": {"y": -0.3343660831451416, "x": -0.5820770263671875, "z": 0.2811870574951172}, "name": "Tape_22_3"}]}