{"chunks": [{"relative_position": {"y": -1.0929298400878906, "x": 0.017000198364257812, "z": 0.10687255859375}, "name": "Glass_39_0"}, {"relative_position": {"y": -1.108062744140625, "x": -0.013586044311523438, "z": -1.9307479858398438}, "name": "Glass_39_1"}, {"relative_position": {"y": -0.021938323974609375, "x": -0.011322021484375, "z": 1.7872390747070312}, "name": "Glass_39_2"}, {"relative_position": {"y": 0.5237216949462891, "x": 0.013612747192382812, "z": -1.5731277465820312}, "name": "Glass_39_3"}]}