{"chunks": [{"relative_position": {"y": -1.1497726440429688, "x": 0.9871129989624023, "z": -3.8699378967285156}, "name": "Window_117_0"}, {"relative_position": {"y": -1.960540771484375, "x": 1.5581912994384766, "z": 1.7833671569824219}, "name": "Window_117_1"}, {"relative_position": {"y": 1.2118759155273438, "x": -0.9463567733764648, "z": 3.3710098266601562}, "name": "Window_117_2"}, {"relative_position": {"y": 1.89556884765625, "x": -1.6023364067077637, "z": -1.85723876953125}, "name": "Window_117_3"}]}