{"chunks": [{"relative_position": {"y": -0.014493942260742188, "x": -1.5872993469238281, "z": -0.4013519287109375}, "name": "StairsStep_105_0"}, {"relative_position": {"y": -0.018131256103515625, "x": 0.07866477966308594, "z": 0.43621063232421875}, "name": "StairsStep_105_1"}, {"relative_position": {"y": 0.012063980102539062, "x": 1.5734691619873047, "z": 0.0072174072265625}, "name": "StairsStep_105_2"}, {"relative_position": {"y": 0.014478683471679688, "x": -1.7458324432373047, "z": 0.26389312744140625}, "name": "StairsStep_105_3"}]}