{"chunks": [{"relative_position": {"y": 0.9836959838867188, "x": 0.007659912109375, "z": -0.3249034881591797}, "name": "Window_10_9_0"}, {"relative_position": {"y": -0.7336273193359375, "x": -0.0313873291015625, "z": -0.7950820922851562}, "name": "Window_10_9_1"}, {"relative_position": {"y": -1.2399978637695312, "x": 0.0025482177734375, "z": 0.04148292541503906}, "name": "Window_10_9_2"}, {"relative_position": {"y": 0.45781707763671875, "x": -0.0001068115234375, "z": 1.0983219146728516}, "name": "Window_10_9_3"}]}