{"chunks": [{"relative_position": {"y": -0.3136444091796875, "x": -0.0017852783203125, "z": 1.6148242950439453}, "name": "Window_10_2_0"}, {"relative_position": {"y": -0.7249221801757812, "x": 0.0804901123046875, "z": -0.16557693481445312}, "name": "Window_10_2_1"}, {"relative_position": {"y": -0.13336944580078125, "x": -0.002716064453125, "z": -1.9467601776123047}, "name": "Window_10_2_2"}, {"relative_position": {"y": 1.0590896606445312, "x": -0.0030517578125, "z": -0.014385223388671875}, "name": "Window_10_2_3"}]}