{"chunks": [{"relative_position": {"y": -0.0053558349609375, "x": -1.4474449157714844, "z": 0.08942031860351562}, "name": "Exhibition_19.015_0"}, {"relative_position": {"y": -0.006427764892578125, "x": 1.3158493041992188, "z": 0.6958274841308594}, "name": "Exhibition_19.015_1"}, {"relative_position": {"y": 0.006420135498046875, "x": 0.9970703125, "z": -0.8578071594238281}, "name": "Exhibition_19.015_2"}, {"relative_position": {"y": 0.008026123046875, "x": -0.09300994873046875, "z": 1.0312080383300781}, "name": "Exhibition_19.015_3"}]}