{"chunks": [{"relative_position": {"y": -0.10868453979492188, "x": -0.0037994384765625, "z": -0.0807037353515625}, "name": "StairsStep_197_0"}, {"relative_position": {"y": -0.0181427001953125, "x": 0.817230224609375, "z": 0.43114471435546875}, "name": "StairsStep_197_1"}, {"relative_position": {"y": -0.012096405029296875, "x": 1.9680938720703125, "z": -0.04393768310546875}, "name": "StairsStep_197_2"}, {"relative_position": {"y": -0.012096405029296875, "x": -1.543060302734375, "z": -0.03032684326171875}, "name": "StairsStep_197_3"}]}