{"chunks": [{"relative_position": {"y": 0.01207733154296875, "x": 1.8812026977539062, "z": -0.0191650390625}, "name": "StairsStep_182_0"}, {"relative_position": {"y": 0.0107879638671875, "x": 0.7368011474609375, "z": -0.5373916625976562}, "name": "StairsStep_182_1"}, {"relative_position": {"y": 0.00719451904296875, "x": -1.5656814575195312, "z": -0.04848480224609375}, "name": "StairsStep_182_2"}, {"relative_position": {"y": 0.110992431640625, "x": 0.05931854248046875, "z": -0.4428253173828125}, "name": "StairsStep_182_3"}]}