{"chunks": [{"relative_position": {"y": -0.25296783447265625, "x": 1.3169126510620117, "z": 0.4728851318359375}, "name": "Window_148_5_0"}, {"relative_position": {"y": 0.2281036376953125, "x": -1.9226818084716797, "z": -0.7190475463867188}, "name": "Window_148_5_1"}, {"relative_position": {"y": -0.22068405151367188, "x": 0.13626670837402344, "z": 1.0581436157226562}, "name": "Window_148_5_2"}, {"relative_position": {"y": 0.3737144470214844, "x": 0.07053089141845703, "z": -0.907012939453125}, "name": "Window_148_5_3"}]}