{"chunks": [{"relative_position": {"y": 0.3804054260253906, "x": -0.5940203666687012, "z": -0.95849609375}, "name": "Window_148_3_0"}, {"relative_position": {"y": -0.17562484741210938, "x": -0.9531941413879395, "z": 0.25634002685546875}, "name": "Window_148_3_1"}, {"relative_position": {"y": -0.22369766235351562, "x": 0.817476749420166, "z": 0.6523513793945312}, "name": "Window_148_3_2"}, {"relative_position": {"y": 0.23931884765625, "x": -1.4031195640563965, "z": 0.0258941650390625}, "name": "Window_148_3_3"}]}