{"chunks": [{"relative_position": {"y": 0.0025892257690429688, "x": 0.8455657958984375, "z": 0.71533203125}, "name": "StairsStep_27_0"}, {"relative_position": {"y": 0.00310516357421875, "x": -0.110107421875, "z": -1.292877197265625}, "name": "StairsStep_27_1"}, {"relative_position": {"y": 0.008967399597167969, "x": -1.0683441162109375, "z": -0.40521240234375}, "name": "StairsStep_27_2"}, {"relative_position": {"y": 0.06496047973632812, "x": 0.455535888671875, "z": -0.29852294921875}, "name": "StairsStep_27_3"}]}