{"chunks": [{"relative_position": {"y": 0.00536346435546875, "x": 1.5603313446044922, "z": 0.005344390869140625}, "name": "Exhibition_19_0"}, {"relative_position": {"y": -0.00803375244140625, "x": 0.3331108093261719, "z": 0.915740966796875}, "name": "Exhibition_19_1"}, {"relative_position": {"y": 0.0064239501953125, "x": -1.4139461517333984, "z": 0.613067626953125}, "name": "Exhibition_19_2"}, {"relative_position": {"y": -0.0064239501953125, "x": -1.105112075805664, "z": -0.8419685363769531}, "name": "Exhibition_19_3"}]}