{"chunks": [{"relative_position": {"y": -2.1452560424804688, "x": 0.01360321044921875, "z": 3.8098032474517822}, "name": "Glass_109_0"}, {"relative_position": {"y": 1.3654632568359375, "x": 0.01361846923828125, "z": -3.5618984699249268}, "name": "Glass_109_1"}, {"relative_position": {"y": -3.3850860595703125, "x": -0.01357269287109375, "z": -2.507946729660034}, "name": "Glass_109_2"}, {"relative_position": {"y": 2.6052932739257812, "x": -0.01357269287109375, "z": 2.78290057182312}, "name": "Glass_109_3"}]}