{"chunks": [{"relative_position": {"y": 0.10056304931640625, "x": 0.10546875, "z": 1.6114654541015625}, "name": "StairsStep_88_0"}, {"relative_position": {"y": -0.0127716064453125, "x": -0.047489166259765625, "z": 2.0314807891845703}, "name": "StairsStep_88_1"}, {"relative_position": {"y": 0.010009765625, "x": -0.056240081787109375, "z": -1.5760040283203125}, "name": "StairsStep_88_2"}, {"relative_position": {"y": -0.0048065185546875, "x": 0.5055007934570312, "z": 0.30065345764160156}, "name": "StairsStep_88_3"}]}