{"chunks": [{"relative_position": {"y": -0.09412384033203125, "x": 0.10198974609375, "z": 0.010128021240234375}, "name": "Glass_74_0"}, {"relative_position": {"y": -1.6077957153320312, "x": 0.0113372802734375, "z": 0.0036163330078125}, "name": "Glass_74_1"}, {"relative_position": {"y": 1.2601261138916016, "x": 0.01361083984375, "z": 0.7293510437011719}, "name": "Glass_74_2"}, {"relative_position": {"y": 1.233245849609375, "x": 0.01361083984375, "z": -0.7681808471679688}, "name": "Glass_74_3"}]}