{"chunks": [{"relative_position": {"z": 0.011196136474609375, "x": 0.6830368041992188, "y": 0.5471057891845703}, "name": "Barrier_20_0"}, {"relative_position": {"z": 0.014003753662109375, "x": -0.1130828857421875, "y": -0.779815673828125}, "name": "Barrier_20_1"}, {"relative_position": {"z": -0.009325027465820312, "x": -0.9566116333007812, "y": -0.030252456665039062}, "name": "Barrier_20_2"}, {"relative_position": {"z": -0.011189460754394531, "x": 0.9001235961914062, "y": -0.6453361511230469}, "name": "Barrier_20_3"}]}