{"chunks": [{"relative_position": {"z": -0.0092010498046875, "x": 0.9559211730957031, "y": 0.04319953918457031}, "name": "Barrier_211_0"}, {"relative_position": {"z": 0.0110321044921875, "x": -0.6643791198730469, "y": -0.5548057556152344}, "name": "Barrier_211_1"}, {"relative_position": {"z": 0.0137786865234375, "x": 0.2544288635253906, "y": 0.8053722381591797}, "name": "Barrier_211_2"}, {"relative_position": {"z": -0.0110626220703125, "x": -0.7775459289550781, "y": 0.6698436737060547}, "name": "Barrier_211_3"}]}