{"chunks": [{"relative_position": {"y": -0.006328582763671875, "x": 4.024284362792969, "z": 0.011333465576171875}, "name": "Glass_98_0"}, {"relative_position": {"y": -2.326984405517578, "x": -2.7977027893066406, "z": 0.01357269287109375}, "name": "Glass_98_1"}, {"relative_position": {"y": -0.02098846435546875, "x": 0.046657562255859375, "z": 0.1019287109375}, "name": "Glass_98_2"}, {"relative_position": {"y": 2.3289871215820312, "x": -2.799999237060547, "z": 0.01357269287109375}, "name": "Glass_98_3"}]}