{"chunks": [{"relative_position": {"y": 0.2470703125, "x": 0.9179840087890625, "z": -0.8690338134765625}, "name": "MemorialFrame.001_0"}, {"relative_position": {"y": -0.26483154296875, "x": -1.3691253662109375, "z": 0.9000778198242188}, "name": "MemorialFrame.001_1"}, {"relative_position": {"y": -0.30950164794921875, "x": 0.6496429443359375, "z": 1.0847625732421875}, "name": "MemorialFrame.001_2"}, {"relative_position": {"y": 0.30283355712890625, "x": -1.1063079833984375, "z": -1.0314712524414062}, "name": "MemorialFrame.001_3"}]}