{"chunks": [{"relative_position": {"y": -0.16557693481445312, "x": -0.5886139869689941, "z": 0.501861572265625}, "name": "Window_139_6_0"}, {"relative_position": {"y": -0.08507156372070312, "x": 0.599433422088623, "z": -0.15000152587890625}, "name": "Window_139_6_1"}, {"relative_position": {"y": 0.10859298706054688, "x": -0.25643014907836914, "z": -0.2946929931640625}, "name": "Window_139_6_2"}, {"relative_position": {"y": 0.19985580444335938, "x": 0.7873005867004395, "z": -0.49758148193359375}, "name": "Window_139_6_3"}]}