{"chunks": [{"relative_position": {"y": -0.007473170757293701, "x": 1.0439224243164062, "z": 0.4530487060546875}, "name": "StairsStep_16_0"}, {"relative_position": {"y": 0.008972704410552979, "x": -0.6113815307617188, "z": -0.9673004150390625}, "name": "StairsStep_16_1"}, {"relative_position": {"y": -0.008962869644165039, "x": -1.184295654296875, "z": 0.1510772705078125}, "name": "StairsStep_16_2"}, {"relative_position": {"y": 0.01121586561203003, "x": 0.09810638427734375, "z": 0.5934906005859375}, "name": "StairsStep_16_3"}]}