{"chunks": [{"relative_position": {"y": -0.24835205078125, "x": 0.87982177734375, "z": -0.8431549072265625}, "name": "MemorialFrame_0"}, {"relative_position": {"y": -0.0022735595703125, "x": -1.3643341064453125, "z": 0.0046844482421875}, "name": "MemorialFrame_1"}, {"relative_position": {"y": -0.01747894287109375, "x": 0.1007080078125, "z": 0.053009033203125}, "name": "MemorialFrame_2.001"}, {"relative_position": {"y": 0.31511688232421875, "x": 0.5969390869140625, "z": 1.1041259765625}, "name": "MemorialFrame_3.012"}]}