{"chunks": [{"relative_position": {"y": -0.9121932983398438, "x": 1.038503885269165, "z": 0.000751495361328125}, "name": "Glass_8_2_0"}, {"relative_position": {"y": -0.1205902099609375, "x": 0.0376734733581543, "z": 0.0185394287109375}, "name": "Glass_8_2_1"}, {"relative_position": {"y": 0.08613967895507812, "x": -0.006266117095947266, "z": 0.01824951171875}, "name": "Glass_8_2_2"}, {"relative_position": {"y": 0.9082221984863281, "x": -1.0026628971099854, "z": -0.005157470703125}, "name": "Glass_8_2_3"}]}