{"chunks": [{"relative_position": {"y": -0.054325103759765625, "x": 1.4732215404510498, "z": -0.00237274169921875}, "name": "Glass_8_4_0"}, {"relative_position": {"y": -0.5293540954589844, "x": -1.006304383277893, "z": 0.01883697509765625}, "name": "Glass_8_4_1"}, {"relative_position": {"y": 0.9428825378417969, "x": 0.8631916046142578, "z": 0.046230316162109375}, "name": "Glass_8_4_2"}, {"relative_position": {"y": 0.9045562744140625, "x": 0.06110739707946777, "z": -0.0111541748046875}, "name": "Glass_8_4_3"}]}