{"chunks": [{"relative_position": {"y": 0.09480667114257812, "x": 2.0580902099609375, "z": -0.000644683837890625}, "name": "Glass_8_6_0"}, {"relative_position": {"y": -1.1625022888183594, "x": 0.21419477462768555, "z": -0.00310516357421875}, "name": "Glass_8_6_1"}, {"relative_position": {"y": 0.22374343872070312, "x": -1.7107276916503906, "z": -0.008884429931640625}, "name": "Glass_8_6_2"}, {"relative_position": {"y": -0.5179939270019531, "x": 0.1660771369934082, "z": -0.09325027465820312}, "name": "Glass_8_6_3"}]}