{"chunks": [{"relative_position": {"y": -0.18013381958007812, "x": 2.1210861206054688, "z": 0.506103515625}, "name": "Window_134_3_0"}, {"relative_position": {"y": -0.3713836669921875, "x": 1.0403900146484375, "z": -0.00936126708984375}, "name": "Window_134_3_1"}, {"relative_position": {"y": -0.12593841552734375, "x": -1.2819290161132812, "z": 0.26325225830078125}, "name": "Window_134_3_2"}, {"relative_position": {"y": 0.2690544128417969, "x": -1.2760162353515625, "z": -0.76422119140625}, "name": "Window_134_3_3"}]}