{"chunks": [{"relative_position": {"y": -0.8486862182617188, "x": -0.008819580078125, "z": -0.8628768920898438}, "name": "Window_14_9_0"}, {"relative_position": {"y": -0.82073974609375, "x": 0.010711669921875, "z": 1.3487091064453125}, "name": "Window_14_9_1"}, {"relative_position": {"y": 1.0550613403320312, "x": 0.009552001953125, "z": -1.138580322265625}, "name": "Window_14_9_2"}, {"relative_position": {"y": 1.2843551635742188, "x": -0.017730712890625, "z": 0.45365142822265625}, "name": "Window_14_9_3"}]}