{"chunks": [{"relative_position": {"y": 0.10131263732910156, "x": 1.557708740234375, "z": 0.000732421875}, "name": "Glass_78_9_0"}, {"relative_position": {"y": -0.94390869140625, "x": 0.303497314453125, "z": -0.0012969970703125}, "name": "Glass_78_9_1"}, {"relative_position": {"y": 0.041416168212890625, "x": -1.764404296875, "z": 0.00090789794921875}, "name": "Glass_78_9_2"}, {"relative_position": {"y": 0.6147422790527344, "x": -0.729583740234375, "z": -0.00048828125}, "name": "Glass_78_9_3"}]}