{"chunks": [{"relative_position": {"y": 0.5403423309326172, "x": 0.7346420288085938, "z": -0.00380706787109375}, "name": "Glass_78_12_0"}, {"relative_position": {"y": -0.1798992156982422, "x": 1.16607666015625, "z": -0.0006866455078125}, "name": "Glass_78_12_1"}, {"relative_position": {"y": 0.08598518371582031, "x": -1.1556549072265625, "z": -0.00136566162109375}, "name": "Glass_78_12_2"}, {"relative_position": {"y": -0.24289512634277344, "x": -0.08304595947265625, "z": -0.02276611328125}, "name": "Glass_78_12_3"}]}