{"chunks": [{"relative_position": {"y": 1.2751007080078125, "x": 2.7255589962005615, "z": -1.0937995910644531}, "name": "Window_128_0"}, {"relative_position": {"y": -1.4936599731445312, "x": -2.624051809310913, "z": 1.1758460998535156}, "name": "Window_128_1"}, {"relative_position": {"y": -1.7797317504882812, "x": 3.6843318939208984, "z": 1.5032081604003906}, "name": "Window_128_2"}, {"relative_position": {"y": 1.6729660034179688, "x": -3.163151979446411, "z": -1.3236427307128906}, "name": "Window_128_3"}]}