{"chunks": [{"relative_position": {"z": 0.02072906494140625, "x": 0.47182464599609375, "y": -0.14521026611328125}, "name": "Statue.003_0"}, {"relative_position": {"z": -0.5733642578125, "x": -0.04064178466796875, "y": -0.867431640625}, "name": "Statue.003_1"}, {"relative_position": {"z": 0.7304000854492188, "x": -0.11052703857421875, "y": -0.5664443969726562}, "name": "Statue.003_2"}, {"relative_position": {"z": 0.00081634521484375, "x": 0.0183563232421875, "y": 0.8449783325195312}, "name": "Statue.003_3"}]}