{"chunks": [{"relative_position": {"y": 1.6795120239257812, "x": 1.3297348022460938, "z": -1.9776649475097656}, "name": "Window_121_0"}, {"relative_position": {"y": -1.6997604370117188, "x": -1.3424835205078125, "z": -2.7400970458984375}, "name": "Window_121_1"}, {"relative_position": {"y": -0.16268157958984375, "x": -0.0909576416015625, "z": 3.8930435180664062}, "name": "Window_121_2"}, {"relative_position": {"y": -2.4557952880859375, "x": -2.1566848754882812, "z": 2.8546524047851562}, "name": "Window_121_3"}]}