{"chunks": [{"relative_position": {"y": -0.0025205612182617188, "x": 1.084808349609375, "z": 0.479583740234375}, "name": "StairsStep_33_0"}, {"relative_position": {"y": -0.0021162033081054688, "x": -0.39981842041015625, "z": -1.04254150390625}, "name": "StairsStep_33_1"}, {"relative_position": {"y": 0.0089569091796875, "x": -0.0548095703125, "z": 1.109893798828125}, "name": "StairsStep_33_2"}, {"relative_position": {"y": 0.05555438995361328, "x": 0.3079986572265625, "z": -0.4656524658203125}, "name": "StairsStep_33_3"}]}