{"chunks": [{"relative_position": {"y": 0.0117950439453125, "x": 1.685302734375, "z": 0.044651031494140625}, "name": "StairsStep_187_0"}, {"relative_position": {"y": -0.012054443359375, "x": -1.7065353393554688, "z": -0.007152557373046875}, "name": "StairsStep_187_1"}, {"relative_position": {"y": -0.07293319702148438, "x": 0.49018096923828125, "z": 0.38777923583984375}, "name": "StairsStep_187_2"}, {"relative_position": {"y": 0.017757415771484375, "x": -0.270843505859375, "z": 0.5055999755859375}, "name": "StairsStep_187_3"}]}