{"chunks": [{"relative_position": {"y": -0.01653289794921875, "x": 1.9902725219726562, "z": 0.005062103271484375}, "name": "StairsStep_171_0"}, {"relative_position": {"y": -0.1094970703125, "x": -0.1584014892578125, "z": -0.39546966552734375}, "name": "StairsStep_171_1"}, {"relative_position": {"y": -0.006443023681640625, "x": -1.5639266967773438, "z": -0.047420501708984375}, "name": "StairsStep_171_2"}, {"relative_position": {"y": 0.015869140625, "x": 1.4898529052734375, "z": -0.5607147216796875}, "name": "StairsStep_171_3"}]}