{"chunks": [{"relative_position": {"y": -0.1086883544921875, "x": 0.14129638671875, "z": 0.07648468017578125}, "name": "StairsStep_91_0"}, {"relative_position": {"y": -0.01209259033203125, "x": -0.007488250732421875, "z": -1.7412490844726562}, "name": "StairsStep_91_1"}, {"relative_position": {"y": -0.01209259033203125, "x": 0.02974700927734375, "z": 1.5807361602783203}, "name": "StairsStep_91_2"}, {"relative_position": {"y": -0.0181427001953125, "x": 0.48918914794921875, "z": -0.3292999267578125}, "name": "StairsStep_91_3"}]}