{"chunks": [{"relative_position": {"y": -0.6799774169921875, "x": 3.3126983642578125, "z": 2.225341796875}, "name": "Window_153_0"}, {"relative_position": {"y": 0.02390289306640625, "x": -4.648521423339844, "z": -0.2002105712890625}, "name": "Window_153_1"}, {"relative_position": {"y": 1.1266555786132812, "x": -2.2112655639648438, "z": -3.2431793212890625}, "name": "Window_153_2"}, {"relative_position": {"y": 0.8698310852050781, "x": 3.15838623046875, "z": -2.8040771484375}, "name": "Window_153_3"}]}