{"chunks": [{"relative_position": {"y": 0.4269428253173828, "x": -0.007843017578125, "z": -0.4020118713378906}, "name": "Glass_82_17_0"}, {"relative_position": {"y": -0.8863677978515625, "x": -0.0042266845703125, "z": 0.056243896484375}, "name": "Glass_82_17_1"}, {"relative_position": {"y": -0.8533344268798828, "x": 0.04276275634765625, "z": -0.7141380310058594}, "name": "Glass_82_17_2"}, {"relative_position": {"y": 1.1855335235595703, "x": 0.01941680908203125, "z": 0.13103103637695312}, "name": "Glass_82_17_3"}]}