{"chunks": [{"relative_position": {"y": 2.0597305297851562, "x": 0.0001678466796875, "z": 0.5443611145019531}, "name": "Glass_82_15_0"}, {"relative_position": {"y": -1.1712474822998047, "x": 0.0231475830078125, "z": -0.8669967651367188}, "name": "Glass_82_15_1"}, {"relative_position": {"y": -1.9056396484375, "x": -0.01535797119140625, "z": 0.17777633666992188}, "name": "Glass_82_15_2"}, {"relative_position": {"y": 1.0681266784667969, "x": -0.02454376220703125, "z": -0.8954887390136719}, "name": "Glass_82_15_3"}]}