{"chunks": [{"relative_position": {"y": -0.7594451904296875, "x": 0.10134124755859375, "z": 0.11840438842773438}, "name": "Glass_82_3_0"}, {"relative_position": {"y": -1.5242919921875, "x": 0.025421142578125, "z": 0.03229522705078125}, "name": "Glass_82_3_1"}, {"relative_position": {"y": -0.25634002685546875, "x": -0.0005950927734375, "z": 0.21462249755859375}, "name": "Glass_82_3_2"}, {"relative_position": {"y": 0.9768829345703125, "x": -0.00067901611328125, "z": -0.035732269287109375}, "name": "Glass_82_3_3"}]}