{"chunks": [{"relative_position": {"y": -0.8352146148681641, "x": -0.01544952392578125, "z": 0.18565750122070312}, "name": "Glass_82_0_0"}, {"relative_position": {"y": -0.27449607849121094, "x": -0.0768280029296875, "z": -0.7461318969726562}, "name": "Glass_82_0_1"}, {"relative_position": {"y": 0.2669639587402344, "x": -0.02663421630859375, "z": 1.1050148010253906}, "name": "Glass_82_0_2"}, {"relative_position": {"y": 0.4755420684814453, "x": -0.00311279296875, "z": -1.0684585571289062}, "name": "Glass_82_0_3"}]}