{"chunks": [{"relative_position": {"y": 0.012073516845703125, "x": 1.5688953399658203, "z": -0.0220184326171875}, "name": "StairsStep_100_0"}, {"relative_position": {"y": 0.012079238891601562, "x": -1.7807960510253906, "z": 0.0206451416015625}, "name": "StairsStep_100_1"}, {"relative_position": {"y": 0.01811981201171875, "x": -0.36813926696777344, "z": 0.49407958984375}, "name": "StairsStep_100_2"}, {"relative_position": {"y": 0.10869598388671875, "x": -0.3631305694580078, "z": 0.09770965576171875}, "name": "StairsStep_100_3"}]}