{"chunks": [{"relative_position": {"z": -0.0645294189453125, "x": -0.9014997482299805, "y": -0.2232494354248047}, "name": "Barrier_132_0"}, {"relative_position": {"z": 0.005450248718261719, "x": -0.729039192199707, "y": -0.7320480346679688}, "name": "Barrier_132_1"}, {"relative_position": {"z": -0.009218215942382812, "x": 0.9329018592834473, "y": -0.019290924072265625}, "name": "Barrier_132_2"}, {"relative_position": {"z": 0.005450248718261719, "x": -0.7760157585144043, "y": 0.5470256805419922}, "name": "Barrier_132_3"}]}