{"chunks": [{"relative_position": {"y": -0.008968353271484375, "x": 1.108917236328125, "z": -0.073699951171875}, "name": "StairsStep_41_0"}, {"relative_position": {"y": -0.0672760009765625, "x": -0.35131072998046875, "z": -0.0549468994140625}, "name": "StairsStep_41_1"}, {"relative_position": {"y": -0.0074787139892578125, "x": -1.1167449951171875, "z": 0.4200439453125}, "name": "StairsStep_41_2"}, {"relative_position": {"y": -0.008974075317382812, "x": 0.27799224853515625, "z": -1.113922119140625}, "name": "StairsStep_41_3"}]}