{"chunks": [{"relative_position": {"y": -0.005870819091796875, "x": 4.1796417236328125, "z": -0.011333465576171875}, "name": "Glass_15_0"}, {"relative_position": {"y": -2.754852294921875, "x": -2.9237899780273438, "z": 0.01358795166015625}, "name": "Glass_15_1"}, {"relative_position": {"y": 2.938304901123047, "x": -2.57147216796875, "z": 0.01358795166015625}, "name": "Glass_15_2"}, {"relative_position": {"y": 0.22002029418945312, "x": -4.398948669433594, "z": -0.0170135498046875}, "name": "Glass_15_3"}]}