{"chunks": [{"relative_position": {"y": -3.8484725952148438, "x": 3.2186279296875, "z": 0.013599395751953125}, "name": "Window_39_0"}, {"relative_position": {"y": -2.822021484375, "x": -4.124031066894531, "z": -0.013607025146484375}, "name": "Window_39_1"}, {"relative_position": {"y": 4.6083526611328125, "x": -3.0011749267578125, "z": 0.013591766357421875}, "name": "Window_39_2"}, {"relative_position": {"y": 3.5824813842773438, "x": 4.3190155029296875, "z": -0.01360321044921875}, "name": "Window_39_3"}]}