{"chunks": [{"relative_position": {"y": -0.8827500343322754, "x": 1.5100860595703125, "z": 1.0238723754882812}, "name": "Tape_16_0"}, {"relative_position": {"y": -0.3281235694885254, "x": -0.13480377197265625, "z": -0.07182693481445312}, "name": "Tape_16_1"}, {"relative_position": {"y": 0.8530526161193848, "x": -1.5841445922851562, "z": -1.0507087707519531}, "name": "Tape_16_2"}, {"relative_position": {"y": 0.3089451789855957, "x": -0.9916305541992188, "z": -0.7680168151855469}, "name": "Tape_16_3"}]}