{"chunks": [{"relative_position": {"y": 4.217220306396484, "x": 2.1765308380126953, "z": 0.171356201171875}, "name": "Window_51_0"}, {"relative_position": {"y": -4.631223678588867, "x": 0.01245880126953125, "z": -0.19183349609375}, "name": "Window_51_1"}, {"relative_position": {"y": 5.878791809082031, "x": 0.5494461059570312, "z": 0.2747955322265625}, "name": "Window_51_2"}, {"relative_position": {"y": 4.2115478515625, "x": -1.7362327575683594, "z": 0.1710662841796875}, "name": "Window_51_3"}]}