{"chunks": [{"relative_position": {"y": -0.004978179931640625, "x": 0.2986297607421875, "z": -1.2628173828125}, "name": "StairsStep_49_0"}, {"relative_position": {"y": -0.053096771240234375, "x": -1.0137939453125, "z": -0.961639404296875}, "name": "StairsStep_49_1"}, {"relative_position": {"y": 0.0013332366943359375, "x": 0.18090057373046875, "z": 1.0618438720703125}, "name": "StairsStep_49_2"}, {"relative_position": {"y": 0.03658103942871094, "x": -1.0080413818359375, "z": -0.966339111328125}, "name": "StairsStep_49_3"}]}