{"chunks": [{"relative_position": {"y": -0.005748748779296875, "x": 1.593597412109375, "z": 0.282928466796875}, "name": "StairsStep_143_0"}, {"relative_position": {"y": -0.01446533203125, "x": 1.5333251953125, "z": -0.4407920837402344}, "name": "StairsStep_143_1"}, {"relative_position": {"y": -0.10610198974609375, "x": -0.08248138427734375, "z": 0.3653373718261719}, "name": "StairsStep_143_2"}, {"relative_position": {"y": -0.0047454833984375, "x": -1.5464553833007812, "z": 0.048488616943359375}, "name": "StairsStep_143_3"}]}