{"chunks": [{"relative_position": {"y": 0.010009765625, "x": 1.5626602172851562, "z": -0.0490570068359375}, "name": "StairsStep_175_0"}, {"relative_position": {"y": -0.06807327270507812, "x": -0.6154632568359375, "z": -0.511199951171875}, "name": "StairsStep_175_1"}, {"relative_position": {"y": -0.00782012939453125, "x": -1.9924774169921875, "z": -0.0490875244140625}, "name": "StairsStep_175_2"}, {"relative_position": {"y": 0.07683944702148438, "x": -0.7451400756835938, "z": -0.5045700073242188}, "name": "StairsStep_175_3"}]}