{"chunks": [{"relative_position": {"y": -0.0275726318359375, "x": 4.87567138671875, "z": -0.0432586669921875}, "name": "Window_142_0"}, {"relative_position": {"y": 0.6665687561035156, "x": -4.0745391845703125, "z": -2.1845245361328125}, "name": "Window_142_1"}, {"relative_position": {"y": -0.8146514892578125, "x": -3.1764373779296875, "z": 2.6357879638671875}, "name": "Window_142_2"}, {"relative_position": {"y": 1.0528640747070312, "x": 1.4739990234375, "z": -3.0182418823242188}, "name": "Window_142_3"}]}