{"chunks": [{"relative_position": {"y": -0.007472515106201172, "x": 1.19281005859375, "z": 0.0129852294921875}, "name": "StairsStep_10_0"}, {"relative_position": {"y": -0.007490634918212891, "x": -1.2182083129882812, "z": 0.180084228515625}, "name": "StairsStep_10_1"}, {"relative_position": {"y": 0.01118326187133789, "x": 0.08824920654296875, "z": 0.7073211669921875}, "name": "StairsStep_10_2"}, {"relative_position": {"y": 0.01118326187133789, "x": -0.18807220458984375, "z": -0.537933349609375}, "name": "StairsStep_10_3"}]}