{"chunks": [{"relative_position": {"y": -0.01207733154296875, "x": 1.6140518188476562, "z": -0.029590606689453125}, "name": "StairsStep_188_0"}, {"relative_position": {"y": -0.10868072509765625, "x": 0.03269195556640625, "z": -0.0550079345703125}, "name": "StairsStep_188_1"}, {"relative_position": {"y": -0.0181121826171875, "x": 0.02973175048828125, "z": 0.4384002685546875}, "name": "StairsStep_188_2"}, {"relative_position": {"y": -0.012073516845703125, "x": -1.5953140258789062, "z": -0.033908843994140625}, "name": "StairsStep_188_3"}]}