{"chunks": [{"relative_position": {"y": 2.6387481689453125, "x": 0.01360321044921875, "z": 2.6183242797851562}, "name": "Glass_111_0"}, {"relative_position": {"y": -2.1990814208984375, "x": 0.01360321044921875, "z": 3.2009506225585938}, "name": "Glass_111_1"}, {"relative_position": {"y": -0.07201385498046875, "x": 0.01132965087890625, "z": -4.1147613525390625}, "name": "Glass_111_2"}, {"relative_position": {"y": -0.2046356201171875, "x": 0.10199737548828125, "z": 0.14088058471679688}, "name": "Glass_111_3"}]}