{"chunks": [{"relative_position": {"y": -0.33629608154296875, "x": 0.11508941650390625, "z": -0.4273834228515625}, "name": "Tape_7_0"}, {"relative_position": {"y": -0.04648590087890625, "x": 0.00732421875, "z": -1.8563690185546875}, "name": "Tape_7_1"}, {"relative_position": {"y": -0.3319549560546875, "x": 0.02642822265625, "z": 0.44671630859375}, "name": "Tape_7_2"}, {"relative_position": {"y": 0.02938079833984375, "x": 0.0037841796875, "z": 2.2702407836914062}, "name": "Tape_7_3"}]}