{"chunks": [{"relative_position": {"z": 0.06719970703125, "x": 0.08285903930664062, "y": 0.1207733154296875}, "name": "Barrier_185_0"}, {"relative_position": {"z": -0.6235694885253906, "x": 0.01107025146484375, "y": -0.57550048828125}, "name": "Barrier_185_1"}, {"relative_position": {"z": 0.9425125122070312, "x": 0.00922393798828125, "y": 0.0357818603515625}, "name": "Barrier_185_2"}, {"relative_position": {"z": -0.5506134033203125, "x": 0.01107025146484375, "y": 0.6581192016601562}, "name": "Barrier_185_3"}]}