{"chunks": [{"relative_position": {"z": -0.0138092041015625, "x": -0.0285491943359375, "y": 0.7910594940185547}, "name": "Barrier_208_0"}, {"relative_position": {"z": 0.0092010498046875, "x": -0.9422836303710938, "y": 0.03953742980957031}, "name": "Barrier_208_1"}, {"relative_position": {"z": -0.01104736328125, "x": 0.6047744750976562, "y": -0.6235599517822266}, "name": "Barrier_208_2"}, {"relative_position": {"z": 0.0110321044921875, "x": 0.8936004638671875, "y": 0.5936508178710938}, "name": "Barrier_208_3"}]}