{"chunks": [{"relative_position": {"y": 1.4151077270507812, "x": 0.02142333984375, "z": -0.5364456176757812}, "name": "Glass_108_0"}, {"relative_position": {"y": -1.0174407958984375, "x": -0.02582550048828125, "z": -1.1157379150390625}, "name": "Glass_108_1"}, {"relative_position": {"y": -1.6651191711425781, "x": 0.04988861083984375, "z": 0.04022979736328125}, "name": "Glass_108_2"}, {"relative_position": {"y": 1.0489501953125, "x": -0.02142333984375, "z": 1.006622314453125}, "name": "Glass_108_3"}]}