{"chunks": [{"relative_position": {"y": 0.144195556640625, "x": 0.0051727294921875, "z": 0.6050262451171875}, "name": "Glass_65_1_0"}, {"relative_position": {"y": -1.2502059936523438, "x": 0.02294158935546875, "z": 0.442626953125}, "name": "Glass_65_1_1"}, {"relative_position": {"y": -0.031246185302734375, "x": -0.002124786376953125, "z": -0.6064453125}, "name": "Glass_65_1_2"}, {"relative_position": {"y": 1.3001956939697266, "x": 0.02158355712890625, "z": -0.37005615234375}, "name": "Glass_65_1_3"}]}