{"chunks": [{"relative_position": {"y": -0.16464805603027344, "x": 0.035411834716796875, "z": -0.0226287841796875}, "name": "Window_50_1_0"}, {"relative_position": {"y": -0.6830978393554688, "x": -0.39395904541015625, "z": -0.0370635986328125}, "name": "Window_50_1_1"}, {"relative_position": {"y": 0.5079593658447266, "x": 0.2780303955078125, "z": 0.023406982421875}, "name": "Window_50_1_2"}, {"relative_position": {"y": 0.017192840576171875, "x": 0.016025543212890625, "z": -0.0247650146484375}, "name": "Window_50_1_3"}]}