{"chunks": [{"relative_position": {"y": -0.6448230743408203, "x": 2.0390586853027344, "z": -0.0452728271484375}, "name": "Window_49_0"}, {"relative_position": {"y": -3.9983768463134766, "x": -2.0919418334960938, "z": -0.188995361328125}, "name": "Window_49_1"}, {"relative_position": {"y": -5.496295928955078, "x": 1.1410140991210938, "z": -0.2274932861328125}, "name": "Window_49_2"}, {"relative_position": {"y": 4.663322448730469, "x": 0.023784637451171875, "z": 0.215850830078125}, "name": "Window_49_3"}]}