{"chunks": [{"relative_position": {"y": -0.31832122802734375, "x": 0.1117401123046875, "z": 0.34241485595703125}, "name": "Window_18_8_0"}, {"relative_position": {"y": 0.2672882080078125, "x": 0.015228271484375, "z": -1.0523300170898438}, "name": "Window_18_8_1"}, {"relative_position": {"y": -0.8006439208984375, "x": -0.00030517578125, "z": 0.743927001953125}, "name": "Window_18_8_2"}, {"relative_position": {"y": 1.1278228759765625, "x": 0.0148773193359375, "z": 0.0642547607421875}, "name": "Window_18_8_3"}]}