{"chunks": [{"relative_position": {"y": 0.4034271240234375, "x": 0.0061492919921875, "z": 1.3111648559570312}, "name": "Window_18_2_0"}, {"relative_position": {"y": -0.8489913940429688, "x": -0.001861572265625, "z": -1.019134521484375}, "name": "Window_18_2_1"}, {"relative_position": {"y": 1.0720291137695312, "x": -0.0247955322265625, "z": -0.6547698974609375}, "name": "Window_18_2_2"}, {"relative_position": {"y": 0.188873291015625, "x": 0.050750732421875, "z": -1.0626220703125}, "name": "Window_18_2_3"}]}