{"chunks": [{"relative_position": {"y": -0.00641632080078125, "x": 1.0511817932128906, "z": 0.7606468200683594}, "name": "Exhibition_19.009_0"}, {"relative_position": {"y": -0.006397247314453125, "x": 0.9772186279296875, "z": -0.8359451293945312}, "name": "Exhibition_19.009_1"}, {"relative_position": {"y": -0.048126220703125, "x": -0.21812820434570312, "z": 0.2585182189941406}, "name": "Exhibition_19.009_2"}, {"relative_position": {"y": -0.005329132080078125, "x": -1.5318756103515625, "z": 0.08580398559570312}, "name": "Exhibition_19.009_3"}]}