{"chunks": [{"relative_position": {"y": -0.008966445922851562, "x": -0.22025299072265625, "z": -1.117645263671875}, "name": "StairsStep_48_0"}, {"relative_position": {"y": -0.04546546936035156, "x": -0.23801422119140625, "z": 0.4713592529296875}, "name": "StairsStep_48_1"}, {"relative_position": {"y": 0.007160186767578125, "x": 0.7614288330078125, "z": 0.78497314453125}, "name": "StairsStep_48_2"}, {"relative_position": {"y": 0.008592605590820312, "x": -1.1426467895507812, "z": -0.18743896484375}, "name": "StairsStep_48_3"}]}