{"chunks": [{"relative_position": {"y": -1.17352294921875, "x": -0.4316864013671875, "z": 0.00035858154296875}, "name": "Glass_83_2_19_0"}, {"relative_position": {"y": -0.4409027099609375, "x": 0.261016845703125, "z": 0.0214996337890625}, "name": "Glass_83_2_19_1"}, {"relative_position": {"y": 0.5531692504882812, "x": 0.6117401123046875, "z": -0.0092010498046875}, "name": "Glass_83_2_19_2"}, {"relative_position": {"y": 0.39028167724609375, "x": -0.585205078125, "z": 0.02751922607421875}, "name": "Glass_83_2_19_3"}]}