{"chunks": [{"relative_position": {"y": 0.5670661926269531, "x": 0.09539794921875, "z": 0.00836181640625}, "name": "Glass_83_1_7_0"}, {"relative_position": {"y": -0.9055328369140625, "x": 0.0851593017578125, "z": -0.009307861328125}, "name": "Glass_83_1_7_1"}, {"relative_position": {"y": -0.6467971801757812, "x": -0.1716156005859375, "z": 0.07254791259765625}, "name": "Glass_83_1_7_2"}, {"relative_position": {"y": 0.06477737426757812, "x": -0.28094482421875, "z": -0.0178070068359375}, "name": "Glass_83_1_7_3"}]}