{"chunks": [{"relative_position": {"y": 1.1639633178710938, "x": 0.7364654541015625, "z": 0.0040740966796875}, "name": "Glass_83_3_10_0"}, {"relative_position": {"y": -1.6529083251953125, "x": -0.41838836669921875, "z": 0.0113677978515625}, "name": "Glass_83_3_10_1"}, {"relative_position": {"y": -0.34194183349609375, "x": -1.214874267578125, "z": -0.0269927978515625}, "name": "Glass_83_3_10_2"}, {"relative_position": {"y": -0.06853485107421875, "x": 0.89501953125, "z": -0.04434967041015625}, "name": "Glass_83_3_10_3"}]}