{"chunks": [{"relative_position": {"y": 0.8830337524414062, "x": -0.6407089233398438, "z": 0.00775909423828125}, "name": "Glass_83_3_5_0"}, {"relative_position": {"y": -0.9625244140625, "x": 0.26001739501953125, "z": -0.01239776611328125}, "name": "Glass_83_3_5_1"}, {"relative_position": {"y": -0.11142730712890625, "x": -0.46710205078125, "z": -0.09189605712890625}, "name": "Glass_83_3_5_2"}, {"relative_position": {"y": 1.1814422607421875, "x": 0.396942138671875, "z": -0.02532196044921875}, "name": "Glass_83_3_5_3"}]}