{"chunks": [{"relative_position": {"y": -9.288375854492188, "x": 4.965484619140625, "z": 0.016998291015625}, "name": "Glass_83_0"}, {"relative_position": {"y": -21.095172882080078, "x": -0.002227783203125, "z": -0.01132965087890625}, "name": "Glass_83_1"}, {"relative_position": {"y": 21.396617889404297, "x": -0.002593994140625, "z": 0.0113372802734375}, "name": "Glass_83_2"}, {"relative_position": {"y": 9.78683090209961, "x": 4.9655914306640625, "z": -0.016998291015625}, "name": "Glass_83_3"}]}