{"chunks": [{"relative_position": {"y": 0.02146148681640625, "x": 0.01258087158203125, "z": 0.10430908203125}, "name": "Glass_83_3_3_0"}, {"relative_position": {"y": -1.7103729248046875, "x": 0.2790069580078125, "z": 0.01418304443359375}, "name": "Glass_83_3_3_1"}, {"relative_position": {"y": 1.0773162841796875, "x": -0.8716354370117188, "z": -0.00070953369140625}, "name": "Glass_83_3_3_2"}, {"relative_position": {"y": 1.4252166748046875, "x": 0.1498260498046875, "z": 0.0154571533203125}, "name": "Glass_83_3_3_3"}]}