{"chunks": [{"relative_position": {"y": -0.8234100341796875, "x": 1.1049957275390625, "z": 0.00888824462890625}, "name": "Glass_83_3_6_0"}, {"relative_position": {"y": -1.9033279418945312, "x": -0.8662261962890625, "z": -0.03008270263671875}, "name": "Glass_83_3_6_1"}, {"relative_position": {"y": 0.6521224975585938, "x": -1.0522308349609375, "z": -0.00360107421875}, "name": "Glass_83_3_6_2"}, {"relative_position": {"y": 1.6316757202148438, "x": 0.8608016967773438, "z": -0.00656890869140625}, "name": "Glass_83_3_6_3"}]}