{"chunks": [{"relative_position": {"y": 3.098857879638672, "x": -3.23284912109375, "z": 0.013599395751953125}, "name": "Glass_14_0"}, {"relative_position": {"y": -2.8846092224121094, "x": -2.3105926513671875, "z": 0.0136260986328125}, "name": "Glass_14_1"}, {"relative_position": {"y": 0.302520751953125, "x": -4.426368713378906, "z": -0.016963958740234375}, "name": "Glass_14_2"}, {"relative_position": {"y": 0.040012359619140625, "x": 4.1782989501953125, "z": -0.011310577392578125}, "name": "Glass_14_3"}]}