{"chunks": [{"relative_position": {"y": -0.0054798126220703125, "x": 1.7133026123046875, "z": -0.060092926025390625}, "name": "StairsStep_102_0"}, {"relative_position": {"y": -0.0742950439453125, "x": -1.8464641571044922, "z": 0.00447845458984375}, "name": "StairsStep_102_1"}, {"relative_position": {"y": 0.007890701293945312, "x": 0.24489593505859375, "z": 0.4996223449707031}, "name": "StairsStep_102_2"}, {"relative_position": {"y": 0.07061767578125, "x": -1.8540287017822266, "z": 0.00194549560546875}, "name": "StairsStep_102_3"}]}