{"chunks": [{"relative_position": {"z": -0.3693580627441406, "x": 0.3023262023925781, "y": -0.46633148193359375}, "name": "Statue.009_0"}, {"relative_position": {"z": -0.6672019958496094, "x": -0.3173027038574219, "y": -0.36823272705078125}, "name": "Statue.009_1"}, {"relative_position": {"z": 0.5740242004394531, "x": -0.0066070556640625, "y": -0.8754043579101562}, "name": "Statue.009_2"}, {"relative_position": {"z": 0.01712799072265625, "x": 0.06165313720703125, "y": 0.7995376586914062}, "name": "Statue.009_3"}]}