{"chunks": [{"relative_position": {"y": 0.01207733154296875, "x": 1.5611724853515625, "z": 0.022869110107421875}, "name": "StairsStep_144_0"}, {"relative_position": {"y": -0.03322601318359375, "x": -1.4745635986328125, "z": -0.4794349670410156}, "name": "StairsStep_144_1"}, {"relative_position": {"y": -0.01808929443359375, "x": 0.07573699951171875, "z": 0.4460716247558594}, "name": "StairsStep_144_2"}, {"relative_position": {"y": 0.0206146240234375, "x": -2.03009033203125, "z": 0.039081573486328125}, "name": "StairsStep_144_3"}]}