{"chunks": [{"relative_position": {"y": 1.633504867553711, "x": 0.5800323486328125, "z": -0.0152587890625}, "name": "Glass_17_0"}, {"relative_position": {"y": -1.5228633880615234, "x": -0.49748992919921875, "z": -0.0122222900390625}, "name": "Glass_17_1"}, {"relative_position": {"y": -1.2120952606201172, "x": 1.0929031372070312, "z": 0.010467529296875}, "name": "Glass_17_2"}, {"relative_position": {"y": 1.3330669403076172, "x": -0.99993896484375, "z": 0.0164031982421875}, "name": "Glass_17_3"}]}