{"chunks": [{"relative_position": {"y": -0.0120849609375, "x": -0.05086517333984375, "z": -1.8354377746582031}, "name": "StairsStep_209_0"}, {"relative_position": {"y": -0.01209259033203125, "x": -0.034618377685546875, "z": 1.6196174621582031}, "name": "StairsStep_209_1"}, {"relative_position": {"y": 0.018096923828125, "x": 0.4233512878417969, "z": -0.5969467163085938}, "name": "StairsStep_209_2"}, {"relative_position": {"y": 0.018096923828125, "x": -0.45635986328125, "z": 0.2552375793457031}, "name": "StairsStep_209_3"}]}