{"chunks": [{"relative_position": {"y": -1.5153350830078125, "x": 1.139754295349121, "z": 4.520683288574219}, "name": "Window_115_0"}, {"relative_position": {"y": -2.221710205078125, "x": 1.913701057434082, "z": 2.3822593688964844}, "name": "Window_115_1"}, {"relative_position": {"y": -0.0715484619140625, "x": 0.018111228942871094, "z": -3.5124168395996094}, "name": "Window_115_2"}, {"relative_position": {"y": 1.5273361206054688, "x": -1.2040739059448242, "z": 2.6000099182128906}, "name": "Window_115_3"}]}