{"chunks": [{"relative_position": {"y": -0.008966445922851562, "x": -0.3702850341796875, "z": -1.1840667724609375}, "name": "StairsStep_39_0"}, {"relative_position": {"y": -0.0074901580810546875, "x": 0.049224853515625, "z": 1.2447052001953125}, "name": "StairsStep_39_1"}, {"relative_position": {"y": 0.008947372436523438, "x": 0.911651611328125, "z": -0.9577178955078125}, "name": "StairsStep_39_2"}, {"relative_position": {"y": 0.011182785034179688, "x": -0.485443115234375, "z": 0.35467529296875}, "name": "StairsStep_39_3"}]}