{"chunks": [{"relative_position": {"y": 0.01172637939453125, "x": 0.1826934814453125, "z": -0.10199737548828125}, "name": "Glass_7_0"}, {"relative_position": {"y": -2.630084991455078, "x": -2.4406890869140625, "z": -0.0136260986328125}, "name": "Glass_7_1"}, {"relative_position": {"y": 0.005809783935546875, "x": 4.154319763183594, "z": -0.0113525390625}, "name": "Glass_7_2"}, {"relative_position": {"y": 2.078479766845703, "x": -2.980133056640625, "z": -0.0136260986328125}, "name": "Glass_7_3"}]}