{"chunks": [{"relative_position": {"y": -0.8142471313476562, "x": 0.025054931640625, "z": -1.5834503173828125}, "name": "Window_14_7_0"}, {"relative_position": {"y": -1.0902023315429688, "x": 0.02557373046875, "z": 0.32266998291015625}, "name": "Window_14_7_1"}, {"relative_position": {"y": -0.33246612548828125, "x": 0.1131591796875, "z": -0.06862640380859375}, "name": "Window_14_7_2"}, {"relative_position": {"y": 0.9441604614257812, "x": 0.0124359130859375, "z": 1.3415451049804688}, "name": "Window_14_7_3"}]}