{"chunks": [{"relative_position": {"y": 0.7088546752929688, "x": -4.114776611328125, "z": -2.007843017578125}, "name": "Window_167_0"}, {"relative_position": {"y": -0.9365043640136719, "x": -3.484254837036133, "z": 2.7017822265625}, "name": "Window_167_1"}, {"relative_position": {"y": 0.9075088500976562, "x": 3.3178443908691406, "z": -2.9188079833984375}, "name": "Window_167_2"}, {"relative_position": {"y": -0.5616493225097656, "x": 3.9706192016601562, "z": 1.8647308349609375}, "name": "Window_167_3"}]}