{"chunks": [{"relative_position": {"y": -0.007473111152648926, "x": 1.1393508911132812, "z": -0.1558685302734375}, "name": "StairsStep_15_0"}, {"relative_position": {"y": -0.008977413177490234, "x": -0.95721435546875, "z": -0.626617431640625}, "name": "StairsStep_15_1"}, {"relative_position": {"y": 0.008958220481872559, "x": -0.9083709716796875, "z": 0.6456756591796875}, "name": "StairsStep_15_2"}, {"relative_position": {"y": 0.011197686195373535, "x": 0.467254638671875, "z": -0.5557708740234375}, "name": "StairsStep_15_3"}]}