{"chunks": [{"relative_position": {"z": -0.06006622314453125, "x": 0.6015262603759766, "y": 0.6791229248046875}, "name": "Barrier_160_0"}, {"relative_position": {"z": -0.011074066162109375, "x": -0.6089115142822266, "y": -0.5937347412109375}, "name": "Barrier_160_1"}, {"relative_position": {"z": 0.00675201416015625, "x": 1.0722150802612305, "y": 0.09555816650390625}, "name": "Barrier_160_2"}, {"relative_position": {"z": 0.0081024169921875, "x": -0.4899873733520508, "y": 0.7271804809570312}, "name": "Barrier_160_3"}]}