{"chunks": [{"relative_position": {"y": 0.01207733154296875, "x": -0.0026397705078125, "z": -1.5509452819824219}, "name": "StairsStep_130_0"}, {"relative_position": {"y": -0.0144805908203125, "x": -0.4176788330078125, "z": 1.6210708618164062}, "name": "StairsStep_130_1"}, {"relative_position": {"y": -0.018096923828125, "x": 0.4358024597167969, "z": 0.2646331787109375}, "name": "StairsStep_130_2"}, {"relative_position": {"y": 0.01450347900390625, "x": 0.23455429077148438, "z": 1.9883995056152344}, "name": "StairsStep_130_3"}]}