{"chunks": [{"relative_position": {"y": -0.0181121826171875, "x": 0.4372215270996094, "z": 0.06507110595703125}, "name": "StairsStep_129_0"}, {"relative_position": {"y": -0.02222442626953125, "x": -0.46627044677734375, "z": -1.5231590270996094}, "name": "StairsStep_129_1"}, {"relative_position": {"y": 0.01206207275390625, "x": 0.013111114501953125, "z": 1.5662002563476562}, "name": "StairsStep_129_2"}, {"relative_position": {"y": 0.02978515625, "x": 0.039989471435546875, "z": -2.0827903747558594}, "name": "StairsStep_129_3"}]}