{"chunks": [{"relative_position": {"y": -0.036773681640625, "x": 0.0030059814453125, "z": -0.14569854736328125}, "name": "Window_1_16_0"}, {"relative_position": {"y": -0.7711410522460938, "x": 0.16901397705078125, "z": 0.22947311401367188}, "name": "Window_1_16_1"}, {"relative_position": {"y": 0.02722930908203125, "x": 0.0363922119140625, "z": 0.1143341064453125}, "name": "Window_1_16_2"}, {"relative_position": {"y": 0.91046142578125, "x": -0.19538116455078125, "z": -0.242828369140625}, "name": "Window_1_16_3"}]}