{"chunks": [{"relative_position": {"y": -0.8839950561523438, "x": 0.1657257080078125, "z": 1.7638397216796875}, "name": "Window_1_12_0"}, {"relative_position": {"y": -2.1985092163085938, "x": 0.45086669921875, "z": -1.2077445983886719}, "name": "Window_1_12_1"}, {"relative_position": {"y": -0.11810302734375, "x": 0.0057373046875, "z": -0.9032516479492188}, "name": "Window_1_12_2"}, {"relative_position": {"y": 2.101531982421875, "x": -0.41290283203125, "z": 0.8497962951660156}, "name": "Window_1_12_3"}]}