{"chunks": [{"relative_position": {"y": -0.006595611572265625, "x": 1.64825439453125, "z": 0.05687713623046875}, "name": "StairsStep_162_0"}, {"relative_position": {"y": 0.018121719360351562, "x": 0.18377685546875, "z": -0.4245262145996094}, "name": "StairsStep_162_1"}, {"relative_position": {"y": -0.00658416748046875, "x": -1.6016845703125, "z": 0.04791259765625}, "name": "StairsStep_162_2"}, {"relative_position": {"y": 0.08343887329101562, "x": -0.1098175048828125, "z": 0.3623809814453125}, "name": "StairsStep_162_3"}]}