{"chunks": [{"relative_position": {"z": 0.011048316955566406, "x": 0.5522938966751099, "y": -0.6432418823242188}, "name": "Barrier_133_0"}, {"relative_position": {"z": 0.009186744689941406, "x": -0.9497781991958618, "y": -0.0269622802734375}, "name": "Barrier_133_1"}, {"relative_position": {"z": 0.08279895782470703, "x": -0.08873076736927032, "y": -0.08813858032226562}, "name": "Barrier_133_2"}, {"relative_position": {"z": 0.011023521423339844, "x": 0.6025881767272949, "y": 0.5925483703613281}, "name": "Barrier_133_3"}]}