{"chunks": [{"relative_position": {"y": 0.018114089965820312, "x": 0.03885650634765625, "z": 0.4422798156738281}, "name": "StairsStep_173_0"}, {"relative_position": {"y": 0.01207733154296875, "x": 1.6167373657226562, "z": -0.020175933837890625}, "name": "StairsStep_173_1"}, {"relative_position": {"y": 0.01207733154296875, "x": -1.5968093872070312, "z": -0.021209716796875}, "name": "StairsStep_173_2"}, {"relative_position": {"y": 0.10869216918945312, "x": 0.014373779296875, "z": -0.01451873779296875}, "name": "StairsStep_173_3"}]}