{"chunks": [{"relative_position": {"y": -1.1517601013183594, "x": -0.6606674194335938, "z": 0.016376495361328125}, "name": "Glass_3_5_0"}, {"relative_position": {"y": -0.24083709716796875, "x": -0.27973175048828125, "z": 0.10964202880859375}, "name": "Glass_3_5_1"}, {"relative_position": {"y": 0.6299247741699219, "x": 1.556915283203125, "z": 0.02069091796875}, "name": "Glass_3_5_2"}, {"relative_position": {"y": -0.12221527099609375, "x": -1.3917388916015625, "z": 0.006561279296875}, "name": "Glass_3_5_3"}]}