{"chunks": [{"relative_position": {"z": 1.6387939453125, "x": -0.5980720520019531, "y": 0.17200469970703125}, "name": "Barrier_173_0"}, {"relative_position": {"z": -0.8409461975097656, "x": 0.03589630126953125, "y": -0.8974761962890625}, "name": "Barrier_173_1"}, {"relative_position": {"z": -0.38812255859375, "x": -0.5621757507324219, "y": -0.41925811767578125}, "name": "Barrier_173_2"}, {"relative_position": {"z": -0.5462417602539062, "x": -0.0345458984375, "y": 0.8280715942382812}, "name": "Barrier_173_3"}]}