{"chunks": [{"relative_position": {"y": -0.5606155395507812, "x": -0.0014190673828125, "z": 0.9948654174804688}, "name": "Window_44_2_0"}, {"relative_position": {"y": -0.47859954833984375, "x": -0.01312255859375, "z": -1.0656585693359375}, "name": "Window_44_2_1"}, {"relative_position": {"y": -0.6134262084960938, "x": -0.09979248046875, "z": -0.0679779052734375}, "name": "Window_44_2_2"}, {"relative_position": {"y": 1.1862945556640625, "x": -0.0307769775390625, "z": -0.8014068603515625}, "name": "Window_44_2_3"}]}