{"chunks": [{"relative_position": {"y": -0.008967876434326172, "x": 1.0217361450195312, "z": 0.528167724609375}, "name": "StairsStep_12_0"}, {"relative_position": {"y": -0.07220172882080078, "x": -0.49478912353515625, "z": 0.178619384765625}, "name": "StairsStep_12_1"}, {"relative_position": {"y": -0.007449626922607422, "x": -0.1269378662109375, "z": 1.1524200439453125}, "name": "StairsStep_12_2"}, {"relative_position": {"y": -0.006207942962646484, "x": -0.5114669799804688, "z": -0.94366455078125}, "name": "StairsStep_12_3"}]}