{"chunks": [{"relative_position": {"y": -0.0181121826171875, "x": -0.499542236328125, "z": -0.41524505615234375}, "name": "StairsStep_189_0"}, {"relative_position": {"y": -0.01812744140625, "x": -0.0007781982421875, "z": 0.44213104248046875}, "name": "StairsStep_189_1"}, {"relative_position": {"y": 0.012065887451171875, "x": 1.5579147338867188, "z": 0.022735595703125}, "name": "StairsStep_189_2"}, {"relative_position": {"y": 0.012065887451171875, "x": -1.8601531982421875, "z": 0.0279541015625}, "name": "StairsStep_189_3"}]}