{"chunks": [{"relative_position": {"y": -0.01207733154296875, "x": 0.00684356689453125, "z": 1.5920181274414062}, "name": "StairsStep_77_0"}, {"relative_position": {"y": -0.1086883544921875, "x": -0.01751708984375, "z": 0.05091667175292969}, "name": "StairsStep_77_1"}, {"relative_position": {"y": -0.018115997314453125, "x": -0.45035552978515625, "z": -0.11562538146972656}, "name": "StairsStep_77_2"}, {"relative_position": {"y": -0.01207733154296875, "x": 0.020355224609375, "z": -1.6413135528564453}, "name": "StairsStep_77_3"}]}