{"chunks": [{"relative_position": {"y": 1.3295001983642578, "x": 1.7823257446289062, "z": 0.016262054443359375}, "name": "Glass_79_2_0"}, {"relative_position": {"y": -1.5324115753173828, "x": -1.121856689453125, "z": 0.018367767333984375}, "name": "Glass_79_2_1"}, {"relative_position": {"y": 1.8417625427246094, "x": 1.3613739013671875, "z": -0.03564453125}, "name": "Glass_79_2_2"}, {"relative_position": {"y": -0.31572914123535156, "x": 0.425567626953125, "z": -0.0179901123046875}, "name": "Glass_79_2_3"}]}