{"chunks": [{"relative_position": {"y": -0.461639404296875, "x": 0.33489227294921875, "z": -0.006855010986328125}, "name": "Glass_79_0_0"}, {"relative_position": {"y": 0.012914657592773438, "x": -0.5615921020507812, "z": -0.02280426025390625}, "name": "Glass_79_0_1"}, {"relative_position": {"y": 0.9722194671630859, "x": -0.03856658935546875, "z": -0.0137786865234375}, "name": "Glass_79_0_2"}, {"relative_position": {"y": 0.48535919189453125, "x": 0.0511627197265625, "z": -0.09583282470703125}, "name": "Glass_79_0_3"}]}