{"chunks": [{"relative_position": {"y": -0.01207733154296875, "x": 1.7857818603515625, "z": -0.02272796630859375}, "name": "StairsStep_193_0"}, {"relative_position": {"y": -0.012088775634765625, "x": -1.6064910888671875, "z": -0.01256561279296875}, "name": "StairsStep_193_1"}, {"relative_position": {"y": 0.018096923828125, "x": 0.453948974609375, "z": 0.415740966796875}, "name": "StairsStep_193_2"}, {"relative_position": {"y": 0.018096923828125, "x": -0.167388916015625, "z": -0.43076324462890625}, "name": "StairsStep_193_3"}]}