{"chunks": [{"relative_position": {"y": -0.045734405517578125, "x": 1.8759422302246094, "z": 0.005242347717285156}, "name": "Tape_8.002_0"}, {"relative_position": {"y": -0.34961700439453125, "x": -0.22690200805664062, "z": 0.011995315551757812}, "name": "Tape_8.002_1"}, {"relative_position": {"y": -0.35614776611328125, "x": 0.3790130615234375, "z": 0.1063995361328125}, "name": "Tape_8.002_2"}, {"relative_position": {"y": -0.005207061767578125, "x": -2.0687522888183594, "z": 0.011549949645996094}, "name": "Tape_8.002_3"}]}