{"chunks": [{"relative_position": {"y": -0.003204345703125, "x": 0.8068857192993164, "z": -1.273056983947754}, "name": "ExhibitGlass_1.009_0"}, {"relative_position": {"y": -0.67449951171875, "x": -0.5230388641357422, "z": -1.2330894470214844}, "name": "ExhibitGlass_1.009_1"}, {"relative_position": {"y": 0.00087738037109375, "x": 0.020562171936035156, "z": 1.5350542068481445}, "name": "ExhibitGlass_1.009_2"}, {"relative_position": {"y": 0.6621322631835938, "x": -0.5159492492675781, "z": -1.2429227828979492}, "name": "ExhibitGlass_1.009_3"}]}