{"chunks": [{"relative_position": {"y": 0.09674453735351562, "x": 0.4452667236328125, "z": 0.4591789245605469}, "name": "StairsStep_161_0"}, {"relative_position": {"y": 0.0001125335693359375, "x": 1.7464141845703125, "z": 0.0478363037109375}, "name": "StairsStep_161_1"}, {"relative_position": {"y": 0.0001678466796875, "x": 0.05898284912109375, "z": 0.5501327514648438}, "name": "StairsStep_161_2"}, {"relative_position": {"y": 0.012098312377929688, "x": -1.5866928100585938, "z": 0.027120590209960938}, "name": "StairsStep_161_3"}]}