{"chunks": [{"relative_position": {"y": -0.01448822021484375, "x": 0.242401123046875, "z": -1.6213874816894531}, "name": "StairsStep_142_0"}, {"relative_position": {"y": -0.018123626708984375, "x": -0.4447784423828125, "z": 0.14497756958007812}, "name": "StairsStep_142_1"}, {"relative_position": {"y": 0.0120697021484375, "x": -0.00621795654296875, "z": 1.5889434814453125}, "name": "StairsStep_142_2"}, {"relative_position": {"y": 0.014484405517578125, "x": -0.42324066162109375, "z": -1.7324142456054688}, "name": "StairsStep_142_3"}]}