{"chunks": [{"relative_position": {"y": 0.014492034912109375, "x": 0.256500244140625, "z": -1.6104717254638672}, "name": "StairsStep_80_0"}, {"relative_position": {"y": -0.014484405517578125, "x": -0.4306640625, "z": -1.7063980102539062}, "name": "StairsStep_80_1"}, {"relative_position": {"y": -0.0120697021484375, "x": -0.024627685546875, "z": 1.5599632263183594}, "name": "StairsStep_80_2"}, {"relative_position": {"y": 0.018123626708984375, "x": -0.46466827392578125, "z": 0.0934906005859375}, "name": "StairsStep_80_3"}]}