{"chunks": [{"relative_position": {"y": 0.00669097900390625, "x": 3.5622406005859375, "z": -0.059993743896484375}, "name": "Exhibition_18.003_0"}, {"relative_position": {"y": -0.010040283203125, "x": -0.3392601013183594, "z": -2.3398513793945312}, "name": "Exhibition_18.003_1"}, {"relative_position": {"y": -0.008026123046875, "x": -2.984508514404297, "z": 1.4927635192871094}, "name": "Exhibition_18.003_2"}, {"relative_position": {"y": 0.00803375244140625, "x": -4.09649658203125, "z": -2.1263389587402344}, "name": "Exhibition_18.003_3"}]}