{"chunks": [{"relative_position": {"y": -0.2300262451171875, "x": 0.8507537841796875, "z": -0.0124664306640625}, "name": "Glass_83_2_11_0"}, {"relative_position": {"y": 0.05803680419921875, "x": -1.2044219970703125, "z": 0.0098876953125}, "name": "Glass_83_2_11_1"}, {"relative_position": {"y": 0.40502166748046875, "x": 0.5528106689453125, "z": -0.0118408203125}, "name": "Glass_83_2_11_2"}, {"relative_position": {"y": 0.25824737548828125, "x": -0.468780517578125, "z": -0.04278564453125}, "name": "Glass_83_2_11_3"}]}