{"chunks": [{"relative_position": {"y": 1.0335273742675781, "x": 0.6832733154296875, "z": -0.0377655029296875}, "name": "Glass_83_0_8_0"}, {"relative_position": {"y": -1.1834259033203125, "x": -0.38071441650390625, "z": -0.03610992431640625}, "name": "Glass_83_0_8_1"}, {"relative_position": {"y": -1.1426048278808594, "x": 0.8095245361328125, "z": 0.002716064453125}, "name": "Glass_83_0_8_2"}, {"relative_position": {"y": 1.1239776611328125, "x": -1.0506439208984375, "z": -0.0167083740234375}, "name": "Glass_83_0_8_3"}]}