{"chunks": [{"relative_position": {"y": -1.2018623352050781, "x": 1.0347213745117188, "z": -0.02208709716796875}, "name": "Glass_83_1_2_0"}, {"relative_position": {"y": 1.5803413391113281, "x": -0.895721435546875, "z": -0.01690673828125}, "name": "Glass_83_1_2_1"}, {"relative_position": {"y": 0.4517059326171875, "x": -1.269683837890625, "z": -0.00379180908203125}, "name": "Glass_83_1_2_2"}, {"relative_position": {"y": 0.4365653991699219, "x": 0.204681396484375, "z": 0.0067138671875}, "name": "Glass_83_1_2_3"}]}