{"chunks": [{"relative_position": {"y": -0.42791748046875, "x": 1.0328140258789062, "z": 0.04322052001953125}, "name": "Glass_83_0_3_0"}, {"relative_position": {"y": -0.6543540954589844, "x": -0.7328948974609375, "z": -0.014862060546875}, "name": "Glass_83_0_3_1"}, {"relative_position": {"y": 1.25146484375, "x": -0.7267990112304688, "z": 0.02103424072265625}, "name": "Glass_83_0_3_2"}, {"relative_position": {"y": 1.4575233459472656, "x": 0.3240203857421875, "z": -0.0218963623046875}, "name": "Glass_83_0_3_3"}]}