{"chunks": [{"relative_position": {"y": -0.176055908203125, "x": 1.5916595458984375, "z": 0.0199737548828125}, "name": "Glass_83_1_22_0"}, {"relative_position": {"y": -0.8932914733886719, "x": -1.202789306640625, "z": -0.021270751953125}, "name": "Glass_83_1_22_1"}, {"relative_position": {"y": 0.6172065734863281, "x": -1.52545166015625, "z": -0.02736663818359375}, "name": "Glass_83_1_22_2"}, {"relative_position": {"y": 1.4301033020019531, "x": -0.2322235107421875, "z": -0.0162811279296875}, "name": "Glass_83_1_22_3"}]}