{"chunks": [{"relative_position": {"y": -0.29111480712890625, "x": 0.0333251953125, "z": -0.11658477783203125}, "name": "Glass_83_2_20_0"}, {"relative_position": {"y": -1.04705810546875, "x": 0.6050262451171875, "z": -0.01290130615234375}, "name": "Glass_83_2_20_1"}, {"relative_position": {"y": 1.3205108642578125, "x": 0.6346435546875, "z": -0.01416778564453125}, "name": "Glass_83_2_20_2"}, {"relative_position": {"y": -1.1952743530273438, "x": -1.2151641845703125, "z": -0.029754638671875}, "name": "Glass_83_2_20_3"}]}