{"chunks": [{"relative_position": {"y": -0.9309501647949219, "x": 0.7056808471679688, "z": 0.00377655029296875}, "name": "Glass_83_1_0_0"}, {"relative_position": {"y": 0.22125625610351562, "x": -0.0853118896484375, "z": -0.0875244140625}, "name": "Glass_83_1_0_1"}, {"relative_position": {"y": 0.4363288879394531, "x": -0.7804718017578125, "z": -0.00870513916015625}, "name": "Glass_83_1_0_2"}, {"relative_position": {"y": 0.9489784240722656, "x": 0.07373046875, "z": 0.00023651123046875}, "name": "Glass_83_1_0_3"}]}