{"chunks": [{"relative_position": {"y": 2.0585098266601562, "x": 1.7264480590820312, "z": -2.647494316101074}, "name": "Window_82_0"}, {"relative_position": {"y": -2.0852584838867188, "x": -1.6696929931640625, "z": 2.8646039962768555}, "name": "Window_82_1"}, {"relative_position": {"y": 1.3179397583007812, "x": 1.0412979125976562, "z": 2.3173465728759766}, "name": "Window_82_2"}, {"relative_position": {"y": -1.26019287109375, "x": -1.0694427490234375, "z": -2.5719118118286133}, "name": "Window_82_3"}]}