{"chunks": [{"relative_position": {"y": -0.3793792724609375, "x": 0.019351959228515625, "z": -0.815521240234375}, "name": "Glass_68_4_0"}, {"relative_position": {"y": -0.6996860504150391, "x": 0.013607025146484375, "z": 0.0883636474609375}, "name": "Glass_68_4_1"}, {"relative_position": {"y": 0.2283477783203125, "x": 0.02855682373046875, "z": 1.5360107421875}, "name": "Glass_68_4_2"}, {"relative_position": {"y": 0.7507171630859375, "x": -0.004459381103515625, "z": 0.7108001708984375}, "name": "Glass_68_4_3"}]}