{"chunks": [{"relative_position": {"z": -0.0135955810546875, "x": 1.0573196411132812, "y": -0.4636802673339844}, "name": "Barrier_64_0"}, {"relative_position": {"z": 0.013580322265625, "x": -0.8293228149414062, "y": -0.6007080078125}, "name": "Barrier_64_1"}, {"relative_position": {"z": 0.013580322265625, "x": 1.0345306396484375, "y": 0.7002925872802734}, "name": "Barrier_64_2"}, {"relative_position": {"z": -0.01361846923828125, "x": -0.841522216796875, "y": 0.6045818328857422}, "name": "Barrier_64_3"}]}