{"chunks": [{"relative_position": {"z": -1.0100250244140625, "x": 0.01361083984375, "y": -0.5438613891601562}, "name": "Barrier_241_0"}, {"relative_position": {"z": 0.8600845336914062, "x": -0.0135955810546875, "y": -0.7417221069335938}, "name": "Barrier_241_1"}, {"relative_position": {"z": 0.9950790405273438, "x": 0.01360321044921875, "y": 0.436065673828125}, "name": "Barrier_241_2"}, {"relative_position": {"z": -0.88702392578125, "x": -0.0135955810546875, "y": 0.6332168579101562}, "name": "Barrier_241_3"}]}