{"chunks": [{"relative_position": {"y": 0.01207733154296875, "x": 1.7878494262695312, "z": 0.01203155517578125}, "name": "StairsStep_147_0"}, {"relative_position": {"y": -0.013690948486328125, "x": 0.432952880859375, "z": -0.5017242431640625}, "name": "StairsStep_147_1"}, {"relative_position": {"y": -0.009128570556640625, "x": -1.6631317138671875, "z": -0.04291534423828125}, "name": "StairsStep_147_2"}, {"relative_position": {"y": 0.0783538818359375, "x": -0.4588775634765625, "z": -0.37680816650390625}, "name": "StairsStep_147_3"}]}