{"chunks": [{"relative_position": {"y": -0.011209487915039062, "x": 0.5774002075195312, "z": -0.1815032958984375}, "name": "StairsStep_28_0"}, {"relative_position": {"y": -0.008984565734863281, "x": -0.955902099609375, "z": -0.74774169921875}, "name": "StairsStep_28_1"}, {"relative_position": {"y": 0.0074596405029296875, "x": 0.2349395751953125, "z": 1.0900421142578125}, "name": "StairsStep_28_2"}, {"relative_position": {"y": 0.008951187133789062, "x": 0.24431610107421875, "z": -1.3721466064453125}, "name": "StairsStep_28_3"}]}