{"chunks": [{"relative_position": {"y": -0.01207733154296875, "x": 1.5933761596679688, "z": 0.0072784423828125}, "name": "StairsStep_158_0"}, {"relative_position": {"y": 0.01450347900390625, "x": -1.6012420654296875, "z": -0.318206787109375}, "name": "StairsStep_158_1"}, {"relative_position": {"y": -0.0144805908203125, "x": -1.7026748657226562, "z": 0.34947967529296875}, "name": "StairsStep_158_2"}, {"relative_position": {"y": 0.01812744140625, "x": 0.18070220947265625, "z": 0.43837738037109375}, "name": "StairsStep_158_3"}]}