{"chunks": [{"relative_position": {"y": -0.7243537902832031, "x": 3.9442596435546875, "z": 2.0645904541015625}, "name": "Window_161_0"}, {"relative_position": {"y": -0.1189727783203125, "x": 4.404106140136719, "z": -0.8945159912109375}, "name": "Window_161_1"}, {"relative_position": {"y": -0.009521484375, "x": -4.3598175048828125, "z": -0.098297119140625}, "name": "Window_161_2"}, {"relative_position": {"y": 0.8791046142578125, "x": 3.67401123046875, "z": -2.82275390625}, "name": "Window_161_3"}]}