{"chunks": [{"relative_position": {"y": 0.0181121826171875, "x": -0.04168701171875, "z": 0.4299736022949219}, "name": "StairsStep_165_0"}, {"relative_position": {"y": 0.00743865966796875, "x": 1.5919418334960938, "z": -0.0525665283203125}, "name": "StairsStep_165_1"}, {"relative_position": {"y": 0.00743865966796875, "x": -1.6157302856445312, "z": -0.051120758056640625}, "name": "StairsStep_165_2"}, {"relative_position": {"y": 0.11149024963378906, "x": -0.0123291015625, "z": -0.3497810363769531}, "name": "StairsStep_165_3"}]}