{"chunks": [{"relative_position": {"z": 0.9355745315551758, "x": 0.009207010269165039, "y": -0.01808929443359375}, "name": "Barrier_153_0"}, {"relative_position": {"z": -0.7084770202636719, "x": -0.0034203529357910156, "y": -0.7481155395507812}, "name": "Barrier_153_1"}, {"relative_position": {"z": -0.7933921813964844, "x": -0.003420591354370117, "y": 0.5200729370117188}, "name": "Barrier_153_2"}, {"relative_position": {"z": -0.899078369140625, "x": 0.06795322895050049, "y": -0.25344085693359375}, "name": "Barrier_153_3"}]}