{"chunks": [{"relative_position": {"y": 0.014495849609375, "x": 1.6003189086914062, "z": -0.2321624755859375}, "name": "StairsStep_186_0"}, {"relative_position": {"y": -0.018096923828125, "x": -0.2666473388671875, "z": -0.45267486572265625}, "name": "StairsStep_186_1"}, {"relative_position": {"y": -0.014476776123046875, "x": 1.5307846069335938, "z": 0.4736785888671875}, "name": "StairsStep_186_2"}, {"relative_position": {"y": 0.012088775634765625, "x": -1.6075897216796875, "z": -0.03014373779296875}, "name": "StairsStep_186_3"}]}