{"chunks": [{"relative_position": {"y": -0.14166641235351562, "x": 0.9595928192138672, "z": 0.563812255859375}, "name": "Window_158_4_0"}, {"relative_position": {"y": 0.2206878662109375, "x": 1.5597152709960938, "z": -0.561187744140625}, "name": "Window_158_4_1"}, {"relative_position": {"y": -0.15570068359375, "x": -1.9771614074707031, "z": 0.5841827392578125}, "name": "Window_158_4_2"}, {"relative_position": {"y": 0.29888153076171875, "x": -0.2832345962524414, "z": 0.3540802001953125}, "name": "Window_158_4_3"}]}