{"chunks": [{"relative_position": {"z": 0.8745851516723633, "x": 0.011048316955566406, "y": 0.7344436645507812}, "name": "Barrier_53_0"}, {"relative_position": {"z": -0.8179888725280762, "x": 0.011065006256103516, "y": -0.328094482421875}, "name": "Barrier_53_1"}, {"relative_position": {"z": 0.7562084197998047, "x": -0.011031150817871094, "y": -0.4487342834472656}, "name": "Barrier_53_2"}, {"relative_position": {"z": -0.633915901184082, "x": -0.011031150817871094, "y": 0.8567619323730469}, "name": "Barrier_53_3"}]}