{"chunks": [{"relative_position": {"y": -0.008968353271484375, "x": 0.9162139892578125, "z": -0.438812255859375}, "name": "StairsStep_35_0"}, {"relative_position": {"y": -0.05983924865722656, "x": -0.39716339111328125, "z": -0.47576904296875}, "name": "StairsStep_35_1"}, {"relative_position": {"y": -2.6702880859375e-05, "x": -0.907196044921875, "z": 0.7408599853515625}, "name": "StairsStep_35_2"}, {"relative_position": {"y": -3.24249267578125e-05, "x": 0.44535064697265625, "z": -1.0670318603515625}, "name": "StairsStep_35_3"}]}