{"chunks": [{"relative_position": {"y": -0.008966445922851562, "x": 0.7068862915039062, "z": -0.971527099609375}, "name": "StairsStep_30_0"}, {"relative_position": {"y": -0.007449150085449219, "x": -0.9219741821289062, "z": 0.5549468994140625}, "name": "StairsStep_30_1"}, {"relative_position": {"y": -0.06718826293945312, "x": 0.28289031982421875, "z": -0.124359130859375}, "name": "StairsStep_30_2"}, {"relative_position": {"y": -0.008939743041992188, "x": 1.229248046875, "z": 0.14630126953125}, "name": "StairsStep_30_3"}]}