{"chunks": [{"relative_position": {"y": 0.000946044921875, "x": 1.11419677734375, "z": 0.1695404052734375}, "name": "StairsStep_47_0"}, {"relative_position": {"y": 0.0010833740234375, "x": -0.9148635864257812, "z": 0.6437835693359375}, "name": "StairsStep_47_1"}, {"relative_position": {"y": 0.06159210205078125, "x": 0.3238372802734375, "z": 0.4702606201171875}, "name": "StairsStep_47_2"}, {"relative_position": {"y": 0.008941650390625, "x": -0.8953475952148438, "z": -0.654052734375}, "name": "StairsStep_47_3"}]}