{"chunks": [{"relative_position": {"y": 0.23685455322265625, "x": -0.07028961181640625, "z": -0.9171404838562012}, "name": "Window_4_14_0"}, {"relative_position": {"y": -1.519287109375, "x": 0.28423309326171875, "z": -0.12863373756408691}, "name": "Window_4_14_1"}, {"relative_position": {"y": 0.1318206787109375, "x": -0.024871826171875, "z": 1.1537466049194336}, "name": "Window_4_14_2"}, {"relative_position": {"y": 1.1628875732421875, "x": -0.275360107421875, "z": 0.4100947380065918}, "name": "Window_4_14_3"}]}