{"chunks": [{"relative_position": {"y": -0.32561492919921875, "x": 0.05756378173828125, "z": -0.7330722808837891}, "name": "Window_4_16_0"}, {"relative_position": {"y": -0.151580810546875, "x": -0.06194305419921875, "z": -0.08746051788330078}, "name": "Window_4_16_1"}, {"relative_position": {"y": -0.803955078125, "x": 0.16854095458984375, "z": 0.2287578582763672}, "name": "Window_4_16_2"}, {"relative_position": {"y": 0.7873764038085938, "x": -0.17978668212890625, "z": 0.5934128761291504}, "name": "Window_4_16_3"}]}