{"chunks": [{"relative_position": {"y": 0.018114089965820312, "x": -0.29952239990234375, "z": 0.4892539978027344}, "name": "StairsStep_164_0"}, {"relative_position": {"y": 0.012073516845703125, "x": 1.575042724609375, "z": 0.024524688720703125}, "name": "StairsStep_164_1"}, {"relative_position": {"y": 0.012073516845703125, "x": -1.7215347290039062, "z": 0.002208709716796875}, "name": "StairsStep_164_2"}, {"relative_position": {"y": 0.108673095703125, "x": -0.001800537109375, "z": 0.15098190307617188}, "name": "StairsStep_164_3"}]}