{"chunks": [{"relative_position": {"y": 0.009235382080078125, "x": 1.7802581787109375, "z": 0.05875396728515625}, "name": "StairsStep_166_0"}, {"relative_position": {"y": -0.018085479736328125, "x": 0.4777679443359375, "z": -0.4202423095703125}, "name": "StairsStep_166_1"}, {"relative_position": {"y": -0.07805061340332031, "x": -0.11194610595703125, "z": 0.36920166015625}, "name": "StairsStep_166_2"}, {"relative_position": {"y": 0.00927734375, "x": -1.5760421752929688, "z": 0.04833984375}, "name": "StairsStep_166_3"}]}