{"chunks": [{"relative_position": {"y": -0.0181427001953125, "x": 1.8193931579589844, "z": 0.024593353271484375}, "name": "Glass_2_4_0"}, {"relative_position": {"y": -0.7338523864746094, "x": 0.038471221923828125, "z": -0.006305694580078125}, "name": "Glass_2_4_1"}, {"relative_position": {"y": -0.4282722473144531, "x": -1.387237548828125, "z": 0.01233673095703125}, "name": "Glass_2_4_2"}, {"relative_position": {"y": 0.7819175720214844, "x": 1.5414810180664062, "z": -0.00260162353515625}, "name": "Glass_2_4_3"}]}