{"chunks": [{"relative_position": {"y": 0.009490966796875, "x": 1.5840530395507812, "z": -0.03424072265625}, "name": "StairsStep_150_0"}, {"relative_position": {"y": 0.009479522705078125, "x": -1.7612991333007812, "z": -0.059722900390625}, "name": "StairsStep_150_1"}, {"relative_position": {"y": 0.0181121826171875, "x": -0.43140411376953125, "z": 0.44623565673828125}, "name": "StairsStep_150_2"}, {"relative_position": {"y": 0.11556625366210938, "x": 0.16501617431640625, "z": -0.326080322265625}, "name": "StairsStep_150_3"}]}