{"chunks": [{"relative_position": {"y": -0.008970260620117188, "x": -0.06099700927734375, "z": 1.0945892333984375}, "name": "StairsStep_45_0"}, {"relative_position": {"y": -0.0655670166015625, "x": -0.02142333984375, "z": -0.6596221923828125}, "name": "StairsStep_45_1"}, {"relative_position": {"y": -0.0034694671630859375, "x": -1.0710372924804688, "z": 0.2505035400390625}, "name": "StairsStep_45_2"}, {"relative_position": {"y": -0.00289154052734375, "x": 0.5798492431640625, "z": -1.0315704345703125}, "name": "StairsStep_45_3"}]}