{"chunks": [{"relative_position": {"y": -0.6412887573242188, "x": 3.4439926147460938, "z": 2.107421875}, "name": "Window_152_0"}, {"relative_position": {"y": 0.8753089904785156, "x": 2.7862625122070312, "z": -2.8206787109375}, "name": "Window_152_1"}, {"relative_position": {"y": -0.9906578063964844, "x": -4.051513671875, "z": 2.8668212890625}, "name": "Window_152_2"}, {"relative_position": {"y": 0.6386566162109375, "x": -4.675941467285156, "z": -1.7938232421875}, "name": "Window_152_3"}]}