{"chunks": [{"relative_position": {"z": -0.005420684814453125, "x": 0.9828948974609375, "y": -0.1063385009765625}, "name": "Barrier_168_0"}, {"relative_position": {"z": -0.08452987670898438, "x": 0.4145927429199219, "y": -0.7169113159179688}, "name": "Barrier_168_1"}, {"relative_position": {"z": -0.00652313232421875, "x": -0.5083541870117188, "y": -0.7792434692382812}, "name": "Barrier_168_2"}, {"relative_position": {"z": -0.011058807373046875, "x": -0.6751327514648438, "y": 0.5267181396484375}, "name": "Barrier_168_3"}]}