{"chunks": [{"relative_position": {"z": -0.0135955810546875, "x": 0.9878158569335938, "y": -0.4142875671386719}, "name": "Barrier_92_0"}, {"relative_position": {"z": 0.013580322265625, "x": -0.9045333862304688, "y": -0.5304164886474609}, "name": "Barrier_92_1"}, {"relative_position": {"z": 0.013580322265625, "x": 0.9330902099609375, "y": 0.760833740234375}, "name": "Barrier_92_2"}, {"relative_position": {"z": -0.01361846923828125, "x": -0.9329605102539062, "y": 0.6546440124511719}, "name": "Barrier_92_3"}]}