{"chunks": [{"relative_position": {"y": 2.0257568359375, "x": 1.613311767578125, "z": -0.8850555419921875}, "name": "Window_122_0"}, {"relative_position": {"y": -1.199371337890625, "x": -0.9337234497070312, "z": -3.323253631591797}, "name": "Window_122_1"}, {"relative_position": {"y": 0.10323333740234375, "x": 0.2073516845703125, "z": 4.396018981933594}, "name": "Window_122_2"}, {"relative_position": {"y": -2.139892578125, "x": -1.8011932373046875, "z": 2.1902694702148438}, "name": "Window_122_3"}]}