{"chunks": [{"relative_position": {"y": -0.15704727172851562, "x": 1.2776718139648438, "z": 0.3996429443359375}, "name": "Window_144_6_0"}, {"relative_position": {"y": 0.120452880859375, "x": -1.1771087646484375, "z": -0.58892822265625}, "name": "Window_144_6_1"}, {"relative_position": {"y": -0.21534347534179688, "x": 0.12136077880859375, "z": 0.7610931396484375}, "name": "Window_144_6_2"}, {"relative_position": {"y": 0.20927810668945312, "x": 0.34325408935546875, "z": -0.3333740234375}, "name": "Window_144_6_3"}]}