{"chunks": [{"relative_position": {"y": -1.3817024230957031, "x": -0.1594390869140625, "z": -0.03078460693359375}, "name": "Glass_80_15_0"}, {"relative_position": {"y": 0.3015460968017578, "x": -0.28387451171875, "z": -0.0851593017578125}, "name": "Glass_80_15_1"}, {"relative_position": {"y": -1.2460861206054688, "x": -0.834747314453125, "z": -0.008270263671875}, "name": "Glass_80_15_2"}, {"relative_position": {"y": 1.193450927734375, "x": 0.4813690185546875, "z": -0.00687408447265625}, "name": "Glass_80_15_3"}]}