{"chunks": [{"relative_position": {"y": -0.0472869873046875, "x": 1.8366622924804688, "z": 0.00685882568359375}, "name": "Tape_8_0"}, {"relative_position": {"y": -0.31404876708984375, "x": -0.5724029541015625, "z": 0.00933837890625}, "name": "Tape_8_1"}, {"relative_position": {"y": -0.36164093017578125, "x": 0.23981475830078125, "z": 0.11449432373046875}, "name": "Tape_8_2"}, {"relative_position": {"y": 0.11405181884765625, "x": -2.5713729858398438, "z": -0.0}, "name": "Tape_8_3"}]}