{"chunks": [{"relative_position": {"y": 0.00165557861328125, "x": 0.6363353729248047, "z": 1.3502874374389648}, "name": "ExhibitGlass_1.008_0"}, {"relative_position": {"y": -0.6866455078125, "x": -0.0010805130004882812, "z": -1.3260159492492676}, "name": "ExhibitGlass_1.008_1"}, {"relative_position": {"y": -0.00600433349609375, "x": -0.7152776718139648, "z": 1.302889108657837}, "name": "ExhibitGlass_1.008_2"}, {"relative_position": {"y": 0.6499862670898438, "x": -0.008069038391113281, "z": -1.345508098602295}, "name": "ExhibitGlass_1.008_3"}]}