{"chunks": [{"relative_position": {"y": -0.07946395874023438, "x": 0.010827302932739258, "z": -0.10199737548828125}, "name": "Glass_95_0"}, {"relative_position": {"y": -2.4056167602539062, "x": -2.755131483078003, "z": -0.01361846923828125}, "name": "Glass_95_1"}, {"relative_position": {"y": -0.022014617919921875, "x": 4.008675575256348, "z": -0.011348724365234375}, "name": "Glass_95_2"}, {"relative_position": {"y": 2.2474594116210938, "x": -2.881326913833618, "z": -0.01361846923828125}, "name": "Glass_95_3"}]}