{"chunks": [{"relative_position": {"y": 0.008037567138671875, "x": 0.013541221618652344, "z": -0.9184856414794922}, "name": "Exhibition_19.003_0"}, {"relative_position": {"y": -0.0053253173828125, "x": -1.5337553024291992, "z": 0.00042724609375}, "name": "Exhibition_19.003_1"}, {"relative_position": {"y": -0.0063934326171875, "x": 1.7284870147705078, "z": -0.7194786071777344}, "name": "Exhibition_19.003_2"}, {"relative_position": {"y": 0.006458282470703125, "x": 1.191554069519043, "z": 0.72784423828125}, "name": "Exhibition_19.003_3"}]}