{"chunks": [{"relative_position": {"y": 0.01811981201171875, "x": 0.33135986328125, "z": -0.43422698974609375}, "name": "StairsStep_177_0"}, {"relative_position": {"y": -0.012054443359375, "x": -1.5526504516601562, "z": 0.016082763671875}, "name": "StairsStep_177_1"}, {"relative_position": {"y": -0.01927947998046875, "x": 2.2075271606445312, "z": -0.01515960693359375}, "name": "StairsStep_177_2"}, {"relative_position": {"y": 0.03482818603515625, "x": 1.416900634765625, "z": 0.46762847900390625}, "name": "StairsStep_177_3"}]}