{"chunks": [{"relative_position": {"y": 0.412872314453125, "x": 4.547599792480469, "z": -0.00740814208984375}, "name": "ElevatorWall_3_0"}, {"relative_position": {"y": -2.6993370056152344, "x": -2.628265380859375, "z": -0.02863311767578125}, "name": "ElevatorWall_3_1"}, {"relative_position": {"y": 2.625904083251953, "x": -2.828521728515625, "z": -0.008880615234375}, "name": "ElevatorWall_3_2"}, {"relative_position": {"y": 2.7759323120117188, "x": 1.5502166748046875, "z": -0.2057037353515625}, "name": "ElevatorWall_3_3"}]}