{"chunks": [{"relative_position": {"y": 1.0279502868652344, "x": 0.7894439697265625, "z": -0.0291900634765625}, "name": "ElevatorWall_3_3_0"}, {"relative_position": {"y": -1.0480194091796875, "x": -0.4838104248046875, "z": 0.009357452392578125}, "name": "ElevatorWall_3_3_1"}, {"relative_position": {"y": -0.0686187744140625, "x": -0.1160125732421875, "z": 0.09151840209960938}, "name": "ElevatorWall_3_3_2"}, {"relative_position": {"y": 1.2446365356445312, "x": 0.495880126953125, "z": 0.009002685546875}, "name": "ElevatorWall_3_3_3"}]}