{"chunks": [{"relative_position": {"y": -0.07214736938476562, "x": 1.85833740234375, "z": -0.0050811767578125}, "name": "StairsStep_204_0"}, {"relative_position": {"y": 0.008792877197265625, "x": -0.129486083984375, "z": -0.5008544921875}, "name": "StairsStep_204_1"}, {"relative_position": {"y": -0.005863189697265625, "x": -1.67071533203125, "z": 0.0593414306640625}, "name": "StairsStep_204_2"}, {"relative_position": {"y": 0.0727081298828125, "x": 1.86834716796875, "z": -0.002349853515625}, "name": "StairsStep_204_3"}]}