{"chunks": [{"relative_position": {"y": 0.48041534423828125, "x": -0.2676105499267578, "z": -1.9190902709960938}, "name": "Window_116_2_0"}, {"relative_position": {"y": -0.9387893676757812, "x": 0.7349224090576172, "z": 1.0300254821777344}, "name": "Window_116_2_1"}, {"relative_position": {"y": 0.7058181762695312, "x": -0.48937463760375977, "z": 1.2619552612304688}, "name": "Window_116_2_2"}, {"relative_position": {"y": 1.0300369262695312, "x": -0.8797612190246582, "z": -1.2550277709960938}, "name": "Window_116_2_3"}]}