{"chunks": [{"relative_position": {"y": -1.911346435546875, "x": 1.5180606842041016, "z": 2.2547340393066406}, "name": "Window_116_0"}, {"relative_position": {"y": -1.0132369995117188, "x": 0.8753519058227539, "z": -3.5964584350585938}, "name": "Window_116_1"}, {"relative_position": {"y": 2.0342254638671875, "x": -1.7158174514770508, "z": -2.097553253173828}, "name": "Window_116_2"}, {"relative_position": {"y": 1.2576522827148438, "x": -0.9837169647216797, "z": 3.2993736267089844}, "name": "Window_116_3"}]}