{"chunks": [{"relative_position": {"y": 0.012071609497070312, "x": 1.761117935180664, "z": -0.022251129150390625}, "name": "StairsStep_109_0"}, {"relative_position": {"y": 0.003627777099609375, "x": -1.6383533477783203, "z": 0.035327911376953125}, "name": "StairsStep_109_1"}, {"relative_position": {"y": 0.005443572998046875, "x": 0.3510246276855469, "z": 0.5010414123535156}, "name": "StairsStep_109_2"}, {"relative_position": {"y": 0.10386848449707031, "x": -0.46566200256347656, "z": 0.35164642333984375}, "name": "StairsStep_109_3"}]}