{"chunks": [{"relative_position": {"y": -1.2005805969238281, "x": 2.7366943359375, "z": 3.5151519775390625}, "name": "Window_164_0"}, {"relative_position": {"y": 0.6239585876464844, "x": 3.615436553955078, "z": -1.7490997314453125}, "name": "Window_164_1"}, {"relative_position": {"y": -0.18101119995117188, "x": -4.804435729980469, "z": 0.4315032958984375}, "name": "Window_164_2"}, {"relative_position": {"y": -0.7456207275390625, "x": -1.7247810363769531, "z": 3.0506439208984375}, "name": "Window_164_3"}]}