{"chunks": [{"relative_position": {"y": -0.03193259239196777, "x": 3.7878293991088867, "z": -0.00356292724609375}, "name": "Band_10_0"}, {"relative_position": {"y": -0.03326106071472168, "x": -4.047603607177734, "z": -0.0035800933837890625}, "name": "Band_10_1"}, {"relative_position": {"y": -0.2739611864089966, "x": 0.03437042236328125, "z": 0.005313873291015625}, "name": "Band_10_2"}, {"relative_position": {"y": 0.23183250427246094, "x": -0.4549102783203125, "z": 0.005313873291015625}, "name": "Band_10_3"}]}