{"chunks": [{"relative_position": {"y": 0.0671234130859375, "x": 0.008280277252197266, "z": 1.733255386352539}, "name": "Window_113_6_0"}, {"relative_position": {"y": -0.5509109497070312, "x": 0.42737531661987305, "z": -1.1057605743408203}, "name": "Window_113_6_1"}, {"relative_position": {"y": 0.55487060546875, "x": -0.6535549163818359, "z": -0.06316184997558594}, "name": "Window_113_6_2"}, {"relative_position": {"y": 0.6968002319335938, "x": -0.542931079864502, "z": -1.4603729248046875}, "name": "Window_113_6_3"}]}