{"chunks": [{"relative_position": {"y": -0.3260650634765625, "x": 0.4614076614379883, "z": 1.1211986541748047}, "name": "Window_113_5_0"}, {"relative_position": {"y": -0.6737594604492188, "x": 0.5956993103027344, "z": 0.49350643157958984}, "name": "Window_113_5_1"}, {"relative_position": {"y": 0.42737579345703125, "x": -0.3737497329711914, "z": -0.9699230194091797}, "name": "Window_113_5_2"}, {"relative_position": {"y": -0.01781463623046875, "x": 0.2112283706665039, "z": -0.6653060913085938}, "name": "Window_113_5_3"}]}