{"chunks": [{"relative_position": {"y": -0.008966445922851562, "x": 1.3112640380859375, "z": 0.03790283203125}, "name": "StairsStep_51_0"}, {"relative_position": {"y": -0.01123046875, "x": -0.4870147705078125, "z": -0.287445068359375}, "name": "StairsStep_51_1"}, {"relative_position": {"y": 0.0074596405029296875, "x": -0.8851318359375, "z": 0.7781829833984375}, "name": "StairsStep_51_2"}, {"relative_position": {"y": 0.008951187133789062, "x": 0.6919708251953125, "z": -1.141998291015625}, "name": "StairsStep_51_3"}]}