{"chunks": [{"relative_position": {"y": -0.014492034912109375, "x": 1.7374038696289062, "z": 0.29270172119140625}, "name": "StairsStep_153_0"}, {"relative_position": {"y": -0.108673095703125, "x": 0.48145294189453125, "z": -0.0277557373046875}, "name": "StairsStep_153_1"}, {"relative_position": {"y": -0.012073516845703125, "x": -1.531158447265625, "z": -0.0002899169921875}, "name": "StairsStep_153_2"}, {"relative_position": {"y": -0.01448822021484375, "x": 1.7158584594726562, "z": -0.38921356201171875}, "name": "StairsStep_153_3"}]}