{"chunks": [{"relative_position": {"y": -0.0181121826171875, "x": 0.4473419189453125, "z": -0.0417022705078125}, "name": "StairsStep_86_0"}, {"relative_position": {"y": -0.01451873779296875, "x": -0.32892608642578125, "z": 1.599496841430664}, "name": "StairsStep_86_1"}, {"relative_position": {"y": 0.01446533203125, "x": 0.34394073486328125, "z": 1.752401351928711}, "name": "StairsStep_86_2"}, {"relative_position": {"y": 0.012054443359375, "x": 0.01383209228515625, "z": -1.560323715209961}, "name": "StairsStep_86_3"}]}