{"chunks": [{"relative_position": {"y": -0.2212505340576172, "x": 0.025655746459960938, "z": 0.07118606567382812}, "name": "Band_3_0"}, {"relative_position": {"y": -0.2007904052734375, "x": -0.0016651153564453125, "z": -3.891429901123047}, "name": "Band_3_1"}, {"relative_position": {"y": -0.032611846923828125, "x": -0.001384735107421875, "z": 3.3777236938476562}, "name": "Band_3_2"}, {"relative_position": {"y": 0.20717430114746094, "x": 0.0042934417724609375, "z": -3.8868179321289062}, "name": "Band_3_3"}]}