{"chunks": [{"relative_position": {"y": 2.1817245483398438, "x": 4.028999328613281, "z": -1.8495712280273438}, "name": "Window_132_0"}, {"relative_position": {"y": -1.542022705078125, "x": -3.139862060546875, "z": 1.2149734497070312}, "name": "Window_132_1"}, {"relative_position": {"y": -0.07382965087890625, "x": 4.1800537109375, "z": 0.1605358123779297}, "name": "Window_132_2"}, {"relative_position": {"y": 1.6976776123046875, "x": -1.8329391479492188, "z": -1.3449039459228516}, "name": "Window_132_3"}]}