{"chunks": [{"relative_position": {"y": 0.01448822021484375, "x": -1.617218017578125, "z": -0.3711700439453125}, "name": "StairsStep_213_0"}, {"relative_position": {"y": -0.014476776123046875, "x": -1.6889266967773438, "z": 0.28482818603515625}, "name": "StairsStep_213_1"}, {"relative_position": {"y": -0.012065887451171875, "x": 1.7570266723632812, "z": -0.00618743896484375}, "name": "StairsStep_213_2"}, {"relative_position": {"y": 0.018131256103515625, "x": 0.496826171875, "z": 0.42382049560546875}, "name": "StairsStep_213_3"}]}