{"chunks": [{"relative_position": {"y": -0.07590484619140625, "x": 0.0143280029296875, "z": 0.11785507202148438}, "name": "Glass_103_3_0"}, {"relative_position": {"y": -0.4923515319824219, "x": 0.8820648193359375, "z": -0.00257110595703125}, "name": "Glass_103_3_1"}, {"relative_position": {"y": 0.09208297729492188, "x": -1.1537933349609375, "z": 0.003124237060546875}, "name": "Glass_103_3_2"}, {"relative_position": {"y": 0.7574195861816406, "x": -0.072052001953125, "z": 0.01485443115234375}, "name": "Glass_103_3_3"}]}