{"chunks": [{"relative_position": {"y": 0.2794837951660156, "x": 0.386932373046875, "z": -0.10369110107421875}, "name": "Glass_103_2_0"}, {"relative_position": {"y": 0.112823486328125, "x": -0.6599502563476562, "z": 0.01197052001953125}, "name": "Glass_103_2_1"}, {"relative_position": {"y": -0.5678329467773438, "x": 0.483428955078125, "z": -0.000377655029296875}, "name": "Glass_103_2_2"}, {"relative_position": {"y": 1.2256546020507812, "x": -0.35613250732421875, "z": 0.018878936767578125}, "name": "Glass_103_2_3"}]}