{"chunks": [{"relative_position": {"y": 0.39528656005859375, "x": 0.25634002685546875, "z": 0.07040214538574219}, "name": "Window_120_2_0"}, {"relative_position": {"y": -0.02237701416015625, "x": 0.009674072265625, "z": -0.6915569305419922}, "name": "Window_120_2_1"}, {"relative_position": {"y": -0.2342376708984375, "x": -0.16480255126953125, "z": 0.6432247161865234}, "name": "Window_120_2_2"}, {"relative_position": {"y": -0.323760986328125, "x": -0.25092315673828125, "z": -0.02874755859375}, "name": "Window_120_2_3"}]}