{"chunks": [{"relative_position": {"y": 0.30841755867004395, "x": -0.16101837158203125, "z": 0.00049591064453125}, "name": "Band_9_7_0"}, {"relative_position": {"y": 0.044057369232177734, "x": -1.9419708251953125, "z": -0.001277923583984375}, "name": "Band_9_7_1"}, {"relative_position": {"y": 0.2486727237701416, "x": -0.42852020263671875, "z": -0.028194427490234375}, "name": "Band_9_7_2"}, {"relative_position": {"y": -0.0028066635131835938, "x": 1.8521804809570312, "z": -0.00048828125}, "name": "Band_9_7_3"}]}