{"chunks": [{"relative_position": {"y": 0.697540283203125, "x": -0.2843780517578125, "z": 2.833110809326172}, "name": "TheMan_6_0"}, {"relative_position": {"y": -1.8644332885742188, "x": 1.573822021484375, "z": -6.5107879638671875}, "name": "TheMan_6_1"}, {"relative_position": {"y": 0.6280040740966797, "x": -0.605133056640625, "z": 2.5059967041015625}, "name": "TheMan_6_2"}, {"relative_position": {"y": 1.0749740600585938, "x": -0.45489501953125, "z": 1.5851516723632812}, "name": "TheMan_6_3"}]}