{"chunks": [{"relative_position": {"y": 0.2710151672363281, "x": 2.5714492797851562, "z": -0.4803123474121094}, "name": "TheMan_2_0"}, {"relative_position": {"y": -2.0157299041748047, "x": -4.756340026855469, "z": 2.243793487548828}, "name": "TheMan_2_1"}, {"relative_position": {"y": -1.6844863891601562, "x": -4.797172546386719, "z": 2.8515663146972656}, "name": "TheMan_2_2"}, {"relative_position": {"y": 0.6788673400878906, "x": -1.3867263793945312, "z": -0.6933555603027344}, "name": "TheMan_2_3"}]}