{"chunks": [{"relative_position": {"y": 0.01601409912109375, "x": -0.323089599609375, "z": 0.5052871704101562}, "name": "StairsStep_208_0"}, {"relative_position": {"y": 0.000484466552734375, "x": -1.937286376953125, "z": 0.0040435791015625}, "name": "StairsStep_208_1"}, {"relative_position": {"y": 0.10941314697265625, "x": -0.912933349609375, "z": 0.00777435302734375}, "name": "StairsStep_208_2"}, {"relative_position": {"y": 0.00189971923828125, "x": 1.577667236328125, "z": -0.05633544921875}, "name": "StairsStep_208_3"}]}