{"chunks": [{"relative_position": {"y": -0.7365646362304688, "x": 2.6861953735351562, "z": -0.647064208984375}, "name": "Window_112_0"}, {"relative_position": {"y": -2.3121414184570312, "x": -1.3370895385742188, "z": -1.8610191345214844}, "name": "Window_112_1"}, {"relative_position": {"y": 1.682403564453125, "x": 3.0464935302734375, "z": 1.4203338623046875}, "name": "Window_112_2"}, {"relative_position": {"y": 1.3756179809570312, "x": -1.801483154296875, "z": 1.0894775390625}, "name": "Window_112_3"}]}