{"chunks": [{"relative_position": {"y": -0.011209487915039062, "x": 0.31395721435546875, "z": 0.6049957275390625}, "name": "StairsStep_14_0"}, {"relative_position": {"y": -0.05210065841674805, "x": -0.4195709228515625, "z": -0.3903045654296875}, "name": "StairsStep_14_1"}, {"relative_position": {"y": 0.0038423538208007812, "x": -0.9332809448242188, "z": 0.9047698974609375}, "name": "StairsStep_14_2"}, {"relative_position": {"y": 0.0038423538208007812, "x": 0.6937255859375, "z": -0.8896331787109375}, "name": "StairsStep_14_3"}]}