{"chunks": [{"relative_position": {"y": -0.20888519287109375, "x": 1.7078590393066406, "z": 0.4741363525390625}, "name": "Window_163_3_0"}, {"relative_position": {"y": 0.3327293395996094, "x": -0.3402252197265625, "z": -1.0556793212890625}, "name": "Window_163_3_1"}, {"relative_position": {"y": -0.24176788330078125, "x": -1.1747627258300781, "z": 0.5876922607421875}, "name": "Window_163_3_2"}, {"relative_position": {"y": 0.2382049560546875, "x": 0.3223686218261719, "z": 0.1824951171875}, "name": "Window_163_3_3"}]}