{"chunks": [{"relative_position": {"y": 0.023891448974609375, "x": 0.02649688720703125, "z": -0.243865966796875}, "name": "Window_163_2_0"}, {"relative_position": {"y": -0.047695159912109375, "x": -0.7563323974609375, "z": -0.0197296142578125}, "name": "Window_163_2_1"}, {"relative_position": {"y": -0.07175064086914062, "x": 0.70159912109375, "z": 0.269561767578125}, "name": "Window_163_2_2"}, {"relative_position": {"y": 0.11627960205078125, "x": -0.697662353515625, "z": -0.1383819580078125}, "name": "Window_163_2_3"}]}