{"chunks": [{"relative_position": {"y": 0.018115997314453125, "x": 0.32602691650390625, "z": 0.4251136779785156}, "name": "StairsStep_160_0"}, {"relative_position": {"y": 0.0, "x": 1.7099761962890625, "z": -0.05727386474609375}, "name": "StairsStep_160_1"}, {"relative_position": {"y": 0.0, "x": -1.5731430053710938, "z": -0.048336029052734375}, "name": "StairsStep_160_2"}, {"relative_position": {"y": 0.09660720825195312, "x": -0.08066558837890625, "z": -0.35897064208984375}, "name": "StairsStep_160_3"}]}