{"chunks": [{"relative_position": {"y": -0.006221771240234375, "x": 1.551422119140625, "z": -0.23503875732421875}, "name": "StairsStep_191_0"}, {"relative_position": {"y": -0.10416030883789062, "x": -0.645355224609375, "z": 0.00319671630859375}, "name": "StairsStep_191_1"}, {"relative_position": {"y": -0.004650115966796875, "x": 1.4205322265625, "z": 0.551300048828125}, "name": "StairsStep_191_2"}, {"relative_position": {"y": 0.00301361083984375, "x": -1.7786865234375, "z": 0.00101470947265625}, "name": "StairsStep_191_3"}]}