{"chunks": [{"relative_position": {"y": -0.11256027221679688, "x": 0.3627777099609375, "z": -0.13966751098632812}, "name": "StairsStep_136_0"}, {"relative_position": {"y": -0.01451873779296875, "x": -0.38507843017578125, "z": 1.5446929931640625}, "name": "StairsStep_136_1"}, {"relative_position": {"y": -0.00962066650390625, "x": 0.34236907958984375, "z": 1.5568161010742188}, "name": "StairsStep_136_2"}, {"relative_position": {"y": -0.00801849365234375, "x": 0.0461273193359375, "z": -1.5482673645019531}, "name": "StairsStep_136_3"}]}