{"chunks": [{"relative_position": {"y": -1.9201507568359375, "x": 3.8869705200195312, "z": 0.013599395751953125}, "name": "Glass_12_0"}, {"relative_position": {"y": 2.665355682373047, "x": 4.3540191650390625, "z": -0.013586044311523438}, "name": "Glass_12_1"}, {"relative_position": {"y": -2.0601425170898438, "x": -3.0946426391601562, "z": -0.013586044311523438}, "name": "Glass_12_2"}, {"relative_position": {"y": 2.6210174560546875, "x": -2.5887222290039062, "z": 0.013612747192382812}, "name": "Glass_12_3"}]}