{"chunks": [{"relative_position": {"z": -0.0135955810546875, "x": 0.9346160888671875, "y": 0.787078857421875}, "name": "Barrier_121_0"}, {"relative_position": {"z": -0.01361846923828125, "x": -0.8923492431640625, "y": -0.5414752960205078}, "name": "Barrier_121_1"}, {"relative_position": {"z": 0.013580322265625, "x": 1.0010910034179688, "y": -0.3867778778076172}, "name": "Barrier_121_2"}, {"relative_position": {"z": 0.013580322265625, "x": -0.93109130859375, "y": 0.6458740234375}, "name": "Barrier_121_3"}]}