{"chunks": [{"relative_position": {"y": 0.012081146240234375, "x": 1.5781097412109375, "z": 0.0065765380859375}, "name": "StairsStep_149_0"}, {"relative_position": {"y": -0.01532745361328125, "x": -0.1627655029296875, "z": 0.5229644775390625}, "name": "StairsStep_149_1"}, {"relative_position": {"y": 0.076171875, "x": -0.7229537963867188, "z": 0.415283203125}, "name": "StairsStep_149_2"}, {"relative_position": {"y": -0.01021575927734375, "x": -1.8228378295898438, "z": 0.04666900634765625}, "name": "StairsStep_149_3"}]}