{"chunks": [{"relative_position": {"y": 0.4022369384765625, "x": -0.3103809356689453, "z": -0.2870197296142578}, "name": "Window_129_4_0"}, {"relative_position": {"y": -0.35527801513671875, "x": -0.7500877380371094, "z": 0.3652477264404297}, "name": "Window_129_4_1"}, {"relative_position": {"y": -0.2147369384765625, "x": 0.9833412170410156, "z": 0.23215866088867188}, "name": "Window_129_4_2"}, {"relative_position": {"y": -0.01584625244140625, "x": 0.3415660858154297, "z": 0.441009521484375}, "name": "Window_129_4_3"}]}