{"chunks": [{"relative_position": {"y": -0.7036972045898438, "x": -0.3688945770263672, "z": 0.2213001251220703}, "name": "Window_129_3_0"}, {"relative_position": {"y": -0.543243408203125, "x": 0.6406764984130859, "z": 0.5227336883544922}, "name": "Window_129_3_1"}, {"relative_position": {"y": 0.4685821533203125, "x": 0.8909111022949219, "z": -0.42105674743652344}, "name": "Window_129_3_2"}, {"relative_position": {"y": -0.4184722900390625, "x": -1.3122024536132812, "z": 0.3497200012207031}, "name": "Window_129_3_3"}]}