{"chunks": [{"relative_position": {"z": -0.6154212951660156, "x": -0.021142005920410156, "y": -0.8166732788085938}, "name": "Statue.007_0"}, {"relative_position": {"z": 0.6762466430664062, "x": 0.15343189239501953, "y": -0.67431640625}, "name": "Statue.007_1"}, {"relative_position": {"z": 0.014678955078125, "x": -0.015158653259277344, "y": 0.8430023193359375}, "name": "Statue.007_2"}, {"relative_position": {"z": 0.007495880126953125, "x": -0.4683856964111328, "y": -0.0807037353515625}, "name": "Statue.007_3"}]}