{"chunks": [{"relative_position": {"y": -2.0057754516601562, "x": 1.6892786026000977, "z": -1.8662738800048828}, "name": "Window_114_0"}, {"relative_position": {"y": -1.5484390258789062, "x": 1.221853256225586, "z": 4.156152725219727}, "name": "Window_114_1"}, {"relative_position": {"y": 1.5833053588867188, "x": -1.2490134239196777, "z": 2.624194860458374}, "name": "Window_114_2"}, {"relative_position": {"y": 1.1082000732421875, "x": -0.9562339782714844, "z": -3.0519967079162598}, "name": "Window_114_3"}]}