{"chunks": [{"relative_position": {"y": -0.1506698727607727, "x": 0.8694610595703125, "z": 0.6739883422851562}, "name": "Glass_106_5_0"}, {"relative_position": {"y": -0.004497885704040527, "x": -0.7762088775634766, "z": 0.47072410583496094}, "name": "Glass_106_5_1"}, {"relative_position": {"y": 0.053436338901519775, "x": 0.2485218048095703, "z": 0.8286781311035156}, "name": "Glass_106_5_2"}, {"relative_position": {"y": 0.13596105575561523, "x": -0.3718891143798828, "z": -0.9041366577148438}, "name": "Glass_106_5_3"}]}