{"chunks": [{"relative_position": {"y": 0.01702117919921875, "x": -0.63421630859375, "z": 0.4981269836425781}, "name": "StairsStep_107_0"}, {"relative_position": {"y": -0.07389450073242188, "x": 0.5893688201904297, "z": 0.3557891845703125}, "name": "StairsStep_107_1"}, {"relative_position": {"y": -0.0120697021484375, "x": -1.9062938690185547, "z": -0.021480560302734375}, "name": "StairsStep_107_2"}, {"relative_position": {"y": 0.011356353759765625, "x": 1.7197284698486328, "z": 0.036876678466796875}, "name": "StairsStep_107_3"}]}