{"chunks": [{"relative_position": {"y": 0.06539440155029297, "x": -0.129852294921875, "z": -0.5092315673828125}, "name": "StairsStep_4_0"}, {"relative_position": {"y": 0.0034093856811523438, "x": -1.1292572021484375, "z": -0.0695037841796875}, "name": "StairsStep_4_1"}, {"relative_position": {"y": 0.002841949462890625, "x": 0.9254913330078125, "z": -0.569091796875}, "name": "StairsStep_4_2"}, {"relative_position": {"y": 0.008991241455078125, "x": -0.4544525146484375, "z": 1.0477294921875}, "name": "StairsStep_4_3"}]}