{"chunks": [{"relative_position": {"y": -0.0181121826171875, "x": 0.5404815673828125, "z": -0.44057464599609375}, "name": "StairsStep_201_0"}, {"relative_position": {"y": -0.012088775634765625, "x": -1.775482177734375, "z": -0.00136566162109375}, "name": "StairsStep_201_1"}, {"relative_position": {"y": 0.01206207275390625, "x": 1.7378997802734375, "z": -0.001922607421875}, "name": "StairsStep_201_2"}, {"relative_position": {"y": 0.018093109130859375, "x": -0.615753173828125, "z": -0.440093994140625}, "name": "StairsStep_201_3"}]}