{"chunks": [{"relative_position": {"y": -0.012081146240234375, "x": 1.8200759887695312, "z": 0.003063201904296875}, "name": "StairsStep_159_0"}, {"relative_position": {"y": -0.0181427001953125, "x": -0.30722808837890625, "z": 0.45836830139160156}, "name": "StairsStep_159_1"}, {"relative_position": {"y": 0.018085479736328125, "x": 0.7095108032226562, "z": 0.45726776123046875}, "name": "StairsStep_159_2"}, {"relative_position": {"y": 0.012058258056640625, "x": -1.6198501586914062, "z": 0.013135910034179688}, "name": "StairsStep_159_3"}]}