{"chunks": [{"relative_position": {"y": -1.0808486938476562, "x": -0.48583030700683594, "z": -0.025390625}, "name": "Glass_9_1_0"}, {"relative_position": {"y": -1.3068656921386719, "x": -0.015848159790039062, "z": -0.014057159423828125}, "name": "Glass_9_1_1"}, {"relative_position": {"y": 0.088470458984375, "x": -0.12666893005371094, "z": -0.114654541015625}, "name": "Glass_9_1_2"}, {"relative_position": {"y": 1.1786537170410156, "x": 0.10484886169433594, "z": -0.02686309814453125}, "name": "Glass_9_1_3"}]}