{"chunks": [{"relative_position": {"y": -0.77862548828125, "x": -0.02577495574951172, "z": 0.085205078125}, "name": "Glass_9_3_0"}, {"relative_position": {"y": -0.7026481628417969, "x": 1.7328815460205078, "z": -0.008922576904296875}, "name": "Glass_9_3_1"}, {"relative_position": {"y": -0.03009033203125, "x": -1.4786243438720703, "z": 0.005886077880859375}, "name": "Glass_9_3_2"}, {"relative_position": {"y": 1.0418434143066406, "x": -1.2037763595581055, "z": 0.026294708251953125}, "name": "Glass_9_3_3"}]}