{"chunks": [{"relative_position": {"y": 0.01268768310546875, "x": -0.03314208984375, "z": 0.06337261199951172}, "name": "Window_5_0_0"}, {"relative_position": {"y": -1.4502029418945312, "x": 1.0615386962890625, "z": 0.0029973983764648438}, "name": "Window_5_0_1"}, {"relative_position": {"y": 1.49383544921875, "x": -1.10418701171875, "z": 0.008909225463867188}, "name": "Window_5_0_2"}, {"relative_position": {"y": 0.18202972412109375, "x": 0.0518341064453125, "z": -0.011627197265625}, "name": "Window_5_0_3"}]}