{"chunks": [{"relative_position": {"y": -0.9342231750488281, "x": 2.1275596618652344, "z": 0.4349250793457031}, "name": "Tape_14_0"}, {"relative_position": {"y": -0.47771739959716797, "x": 0.23202896118164062, "z": 0.028751373291015625}, "name": "Tape_14_1"}, {"relative_position": {"y": 0.8131790161132812, "x": -1.8411827087402344, "z": -0.3333778381347656}, "name": "Tape_14_2"}, {"relative_position": {"y": -0.93109130859375, "x": 2.1527557373046875, "z": 0.3172760009765625}, "name": "Tape_14_3"}]}