{"chunks": [{"relative_position": {"y": 0.6501731872558594, "x": 0.5590667724609375, "z": -1.149078369140625}, "name": "Window_151_6_0"}, {"relative_position": {"y": 0.021045684814453125, "x": 0.9891357421875, "z": 0.1892852783203125}, "name": "Window_151_6_1"}, {"relative_position": {"y": -0.21739578247070312, "x": -0.712249755859375, "z": 0.4569854736328125}, "name": "Window_151_6_2"}, {"relative_position": {"y": 0.23834991455078125, "x": -0.2720489501953125, "z": -0.8431243896484375}, "name": "Window_151_6_3"}]}