{"chunks": [{"relative_position": {"z": 0.6073102951049805, "x": -0.011048316955566406, "y": -0.64459228515625}, "name": "Barrier_47_0"}, {"relative_position": {"z": 0.16060829162597656, "x": -0.08286666870117188, "y": -0.02002716064453125}, "name": "Barrier_47_1"}, {"relative_position": {"z": 0.6941165924072266, "x": -0.011050701141357422, "y": 0.5478858947753906}, "name": "Barrier_47_2"}, {"relative_position": {"z": -0.9320783615112305, "x": -0.00920867919921875, "y": 0.00122833251953125}, "name": "Barrier_47_3"}]}