{"chunks": [{"name": "Icosphere_17_0", "relative_position": {"y": -972.7380981445312, "x": -162.41017150878906, "z": -396.55816650390625}}, {"name": "Icosphere_17_1", "relative_position": {"y": -973.2293701171875, "x": -162.72418212890625, "z": -396.9455261230469}}, {"name": "Icosphere_17_2", "relative_position": {"y": -972.9542236328125, "x": -162.70822143554688, "z": -396.5583190917969}}, {"name": "Icosphere_17_3", "relative_position": {"y": -972.8786010742188, "x": -162.64044189453125, "z": -396.88824462890625}}]}