{"chunks": [{"relative_position": {"y": -0.008968353271484375, "x": -0.29579925537109375, "z": 1.127532958984375}, "name": "StairsStep_3_0"}, {"relative_position": {"y": 0.007476806640625, "x": 0.628021240234375, "z": -0.921051025390625}, "name": "StairsStep_3_1"}, {"relative_position": {"y": -0.011203765869140625, "x": -0.670806884765625, "z": -0.2056427001953125}, "name": "StairsStep_3_2"}, {"relative_position": {"y": 0.008973121643066406, "x": -1.6563873291015625, "z": 0.722503662109375}, "name": "StairsStep_3_3"}]}