{"chunks": [{"relative_position": {"y": 0.468505859375, "x": 0.033050537109375, "z": -2.2095909118652344}, "name": "Window_11_3_0"}, {"relative_position": {"y": -0.9391708374023438, "x": -0.009246826171875, "z": -2.392864227294922}, "name": "Window_11_3_1"}, {"relative_position": {"y": -0.40886688232421875, "x": 0.0149383544921875, "z": 1.8795585632324219}, "name": "Window_11_3_2"}, {"relative_position": {"y": 1.6315460205078125, "x": 0.0034637451171875, "z": 0.48050689697265625}, "name": "Window_11_3_3"}]}