{"chunks": [{"relative_position": {"y": -0.971710205078125, "x": 0.0691986083984375, "z": 0.069305419921875}, "name": "Window_11_2_0"}, {"relative_position": {"y": -0.7704620361328125, "x": -0.0247955322265625, "z": -0.6401329040527344}, "name": "Window_11_2_1"}, {"relative_position": {"y": -0.8602066040039062, "x": -0.019561767578125, "z": 0.80255126953125}, "name": "Window_11_2_2"}, {"relative_position": {"y": 0.8285064697265625, "x": 0.0006561279296875, "z": -0.2712211608886719}, "name": "Window_11_2_3"}]}