{"chunks": [{"relative_position": {"y": 2.0110855102539062, "x": -1.2252044677734375, "z": 1.6963462829589844}, "name": "Window_127_0"}, {"relative_position": {"y": -1.8773651123046875, "x": 2.1071929931640625, "z": -1.4907150268554688}, "name": "Window_127_1"}, {"relative_position": {"y": -1.06195068359375, "x": -3.4718780517578125, "z": -0.9157943725585938}, "name": "Window_127_2"}, {"relative_position": {"y": 1.2646484375, "x": 3.8714752197265625, "z": 0.9889297485351562}, "name": "Window_127_3"}]}