{"chunks": [{"relative_position": {"y": 0.014492034912109375, "x": 1.5657958984375, "z": 0.460052490234375}, "name": "StairsStep_156_0"}, {"relative_position": {"y": 0.00565338134765625, "x": 1.6850204467773438, "z": -0.25904083251953125}, "name": "StairsStep_156_1"}, {"relative_position": {"y": 0.004711151123046875, "x": -1.5389251708984375, "z": -0.05153656005859375}, "name": "StairsStep_156_2"}, {"relative_position": {"y": 0.10602951049804688, "x": 0.094146728515625, "z": -0.36191558837890625}, "name": "StairsStep_156_3"}]}