{"chunks": [{"relative_position": {"y": 1.2610321044921875, "x": -1.0728710889816284, "z": -2.7248077392578125}, "name": "Window_55_0"}, {"relative_position": {"y": -1.8773727416992188, "x": 1.4995394945144653, "z": 3.8376874923706055}, "name": "Window_55_1"}, {"relative_position": {"y": -2.0888290405273438, "x": 1.7485378980636597, "z": -0.9956564903259277}, "name": "Window_55_2"}, {"relative_position": {"y": 1.519744873046875, "x": -1.20613431930542, "z": 1.7470111846923828}, "name": "Window_55_3"}]}