{"chunks": [{"relative_position": {"y": 1.5494918823242188, "x": 0.010162353515625, "z": 0.6916351318359375}, "name": "Glass_77_17_0"}, {"relative_position": {"y": -1.4003753662109375, "x": -0.0086822509765625, "z": -0.24518585205078125}, "name": "Glass_77_17_1"}, {"relative_position": {"y": 1.8525009155273438, "x": -0.013427734375, "z": -0.03412628173828125}, "name": "Glass_77_17_2"}, {"relative_position": {"y": 0.9875564575195312, "x": 0.018829345703125, "z": -0.431610107421875}, "name": "Glass_77_17_3"}]}