{"chunks": [{"relative_position": {"y": -0.10265350341796875, "x": 0.071502685546875, "z": -0.34761810302734375}, "name": "Glass_77_16_0"}, {"relative_position": {"y": -1.444854736328125, "x": 0.0067291259765625, "z": -0.253265380859375}, "name": "Glass_77_16_1"}, {"relative_position": {"y": 0.48488616943359375, "x": 0.1031951904296875, "z": -0.06603240966796875}, "name": "Glass_77_16_2"}, {"relative_position": {"y": 1.5888519287109375, "x": -0.005584716796875, "z": 0.30234527587890625}, "name": "Glass_77_16_3"}]}