{"chunks": [{"relative_position": {"y": -0.04741859436035156, "x": -1.8332595825195312, "z": -0.004810333251953125}, "name": "Tape_18_0"}, {"relative_position": {"y": -0.10719585418701172, "x": 1.5130996704101562, "z": -0.00536346435546875}, "name": "Tape_18_1"}, {"relative_position": {"y": -0.3601953983306885, "x": -0.27642059326171875, "z": -0.104217529296875}, "name": "Tape_18_2"}, {"relative_position": {"y": 0.41158533096313477, "x": 3.4254150390625, "z": 0.01789093017578125}, "name": "Tape_18_3"}]}