{"chunks": [{"relative_position": {"y": -2.9285202026367188, "x": 9.391902923583984, "z": 4.3289031982421875}, "name": "Glass_100_0_0"}, {"relative_position": {"y": 10.973045349121094, "x": -6.477077484130859, "z": -12.456356048583984}, "name": "Glass_100_0_1"}, {"relative_position": {"y": -5.866672515869141, "x": -3.6208419799804688, "z": 2.3946151733398438}, "name": "Glass_100_0_2"}, {"relative_position": {"y": 9.02322769165039, "x": -6.140377044677734, "z": -4.805702209472656}, "name": "Glass_100_0_3"}]}