{"chunks": [{"relative_position": {"y": -0.03252410888671875, "x": 0.9581260681152344, "z": 0.21767807006835938}, "name": "Glass_100_3_16_0"}, {"relative_position": {"y": -0.031345367431640625, "x": -0.8580665588378906, "z": -0.3513984680175781}, "name": "Glass_100_3_16_1"}, {"relative_position": {"y": -0.1988525390625, "x": -0.5775337219238281, "z": 0.5833892822265625}, "name": "Glass_100_3_16_2"}, {"relative_position": {"y": 0.2650337219238281, "x": -0.8353347778320312, "z": -0.9945335388183594}, "name": "Glass_100_3_16_3"}]}