{"chunks": [{"relative_position": {"y": -0.20909500122070312, "x": 0.1723480224609375, "z": 0.8465118408203125}, "name": "Glass_100_3_13_0"}, {"relative_position": {"y": 0.32181549072265625, "x": 0.00222015380859375, "z": -1.1175537109375}, "name": "Glass_100_3_13_1"}, {"relative_position": {"y": 0.11694717407226562, "x": -0.34835052490234375, "z": -0.3976554870605469}, "name": "Glass_100_3_13_2"}, {"relative_position": {"y": 0.025348663330078125, "x": -0.22739791870117188, "z": 0.34454345703125}, "name": "Glass_100_3_13_3"}]}