{"chunks": [{"relative_position": {"y": -0.0807342529296875, "x": 1.3943614959716797, "z": -0.22304725646972656}, "name": "Glass_100_2_9_0"}, {"relative_position": {"y": -0.006465911865234375, "x": -1.1421222686767578, "z": -0.06475543975830078}, "name": "Glass_100_2_9_1"}, {"relative_position": {"y": -0.16558074951171875, "x": -0.08107948303222656, "z": -0.012503623962402344}, "name": "Glass_100_2_9_2"}, {"relative_position": {"y": 0.06829833984375, "x": -1.2917766571044922, "z": 0.23383617401123047}, "name": "Glass_100_2_9_3"}]}