{"chunks": [{"relative_position": {"y": 0.031655311584472656, "x": 0.00063323974609375, "z": -3.6291823387145996}, "name": "Band_4_0"}, {"relative_position": {"y": -0.00148773193359375, "x": 0.0035400390625, "z": 3.737457036972046}, "name": "Band_4_1"}, {"relative_position": {"y": 0.22418880462646484, "x": 0.0296783447265625, "z": -0.1952754259109497}, "name": "Band_4_2"}, {"relative_position": {"y": 0.2851991653442383, "x": 0.00089263916015625, "z": 0.2370091676712036}, "name": "Band_4_3"}]}