{"chunks": [{"relative_position": {"y": -0.008968353271484375, "x": 0.31317138671875, "z": 1.1455841064453125}, "name": "StairsStep_43_0"}, {"relative_position": {"y": -0.00897216796875, "x": 1.3468170166015625, "z": 0.170623779296875}, "name": "StairsStep_43_1"}, {"relative_position": {"y": 0.00746917724609375, "x": -0.6883316040039062, "z": -0.820709228515625}, "name": "StairsStep_43_2"}, {"relative_position": {"y": 0.011203765869140625, "x": 1.3247146606445312, "z": 0.7562255859375}, "name": "StairsStep_43_3"}]}