{"chunks": [{"relative_position": {"y": -0.27521514892578125, "x": -0.09033203125, "z": 0.882720947265625}, "name": "Tape_4_0"}, {"relative_position": {"y": -0.2606964111328125, "x": 0.033905029296875, "z": 0.9436874389648438}, "name": "Tape_4_1"}, {"relative_position": {"y": -0.04781341552734375, "x": -0.0013580322265625, "z": -1.82330322265625}, "name": "Tape_4_2"}, {"relative_position": {"y": 0.1288604736328125, "x": -0.0198822021484375, "z": 2.628173828125}, "name": "Tape_4_3"}]}