{"chunks": [{"relative_position": {"z": -0.005381584167480469, "x": -0.7775516510009766, "y": 0.6681289672851562}, "name": "Barrier_200_0"}, {"relative_position": {"z": -0.005325794219970703, "x": -0.7346019744873047, "y": -0.5933456420898438}, "name": "Barrier_200_1"}, {"relative_position": {"z": -0.08253002166748047, "x": -0.8887462615966797, "y": 0.148040771484375}, "name": "Barrier_200_2"}, {"relative_position": {"z": -0.009183406829833984, "x": 0.9272327423095703, "y": 0.043212890625}, "name": "Barrier_200_3"}]}