{"chunks": [{"relative_position": {"y": 0.3386878967285156, "x": 0.938568115234375, "z": 0.00188446044921875}, "name": "Glass_78_10_0"}, {"relative_position": {"y": -0.6227149963378906, "x": -0.8611297607421875, "z": 0.00048065185546875}, "name": "Glass_78_10_1"}, {"relative_position": {"y": 0.05829620361328125, "x": 0.01776885986328125, "z": 0.0230560302734375}, "name": "Glass_78_10_2"}, {"relative_position": {"y": 0.14971351623535156, "x": -0.6838760375976562, "z": 0.00055694580078125}, "name": "Glass_78_10_3"}]}