{"chunks": [{"relative_position": {"y": 0.5348300933837891, "x": 1.1293106079101562, "z": -0.00037384033203125}, "name": "Glass_78_3_0"}, {"relative_position": {"y": -0.8489704132080078, "x": 0.21997833251953125, "z": -0.00130462646484375}, "name": "Glass_78_3_1"}, {"relative_position": {"y": -0.0678863525390625, "x": -1.2928695678710938, "z": -0.0001678466796875}, "name": "Glass_78_3_2"}, {"relative_position": {"y": 0.19566917419433594, "x": -0.03704833984375, "z": -0.0223388671875}, "name": "Glass_78_3_3"}]}