{"chunks": [{"relative_position": {"y": -1.0215091705322266, "x": 0.574188232421875, "z": -0.0012969970703125}, "name": "Glass_78_5_0"}, {"relative_position": {"y": -0.17633056640625, "x": -0.7508697509765625, "z": 0.00041961669921875}, "name": "Glass_78_5_1"}, {"relative_position": {"y": -0.15106201171875, "x": 1.3210296630859375, "z": 0.00115203857421875}, "name": "Glass_78_5_2"}, {"relative_position": {"y": 0.9101600646972656, "x": -1.5631866455078125, "z": -0.002288818359375}, "name": "Glass_78_5_3"}]}