{"chunks": [{"relative_position": {"z": -0.8361423015594482, "x": -0.01104736328125, "y": 0.8032913208007812}, "name": "Barrier_145_0"}, {"relative_position": {"z": 0.5847287178039551, "x": -0.011074066162109375, "y": -0.6499481201171875}, "name": "Barrier_145_1"}, {"relative_position": {"z": -0.9496746063232422, "x": 0.01102447509765625, "y": -0.35543060302734375}, "name": "Barrier_145_2"}, {"relative_position": {"z": 0.6898260116577148, "x": 0.01102447509765625, "y": 0.556640625}, "name": "Barrier_145_3"}]}