{"chunks": [{"relative_position": {"y": -0.0027923583984375, "x": 1.6201171875, "z": 0.0472259521484375}, "name": "StairsStep_199_0"}, {"relative_position": {"y": 0.018108367919921875, "x": -0.0727996826171875, "z": -0.42778778076171875}, "name": "StairsStep_199_1"}, {"relative_position": {"y": -0.0027923583984375, "x": -1.614990234375, "z": 0.0561370849609375}, "name": "StairsStep_199_2"}, {"relative_position": {"y": 0.09102630615234375, "x": 0.1052093505859375, "z": 0.3565826416015625}, "name": "StairsStep_199_3"}]}