{"chunks": [{"relative_position": {"y": -0.36235809326171875, "x": 0.221405029296875, "z": -0.106475830078125}, "name": "Tape_3_0"}, {"relative_position": {"y": -0.2766876220703125, "x": -0.837005615234375, "z": -0.00606536865234375}, "name": "Tape_3_1"}, {"relative_position": {"y": -0.04738616943359375, "x": 1.8339080810546875, "z": -0.00525665283203125}, "name": "Tape_3_2"}, {"relative_position": {"y": 0.13385772705078125, "x": -2.6410369873046875, "z": -0.0}, "name": "Tape_3_3"}]}