{"chunks": [{"relative_position": {"z": -0.016998291015625, "x": -0.13006973266601562, "y": 0.7816181182861328}, "name": "Barrier_81_0"}, {"relative_position": {"z": 0.01132965087890625, "x": -1.1222076416015625, "y": 0.019880294799804688}, "name": "Barrier_81_1"}, {"relative_position": {"z": -0.01360321044921875, "x": 0.8592033386230469, "y": -0.5526275634765625}, "name": "Barrier_81_2"}, {"relative_position": {"z": 0.0135955810546875, "x": 1.1025733947753906, "y": 0.6475372314453125}, "name": "Barrier_81_3"}]}