{"chunks": [{"relative_position": {"y": 2.6281204223632812, "x": 2.9412975311279297, "z": 0.013601303100585938}, "name": "Glass_10_0"}, {"relative_position": {"y": -1.9835433959960938, "x": 3.996622085571289, "z": -0.013607025146484375}, "name": "Glass_10_1"}, {"relative_position": {"y": -2.8957290649414062, "x": -1.0983619689941406, "z": 0.01699066162109375}, "name": "Glass_10_2"}, {"relative_position": {"y": -0.005794525146484375, "x": -4.514369964599609, "z": -0.0113372802734375}, "name": "Glass_10_3"}]}