{"chunks": [{"relative_position": {"y": 0.1089935302734375, "x": 0.050323486328125, "z": 0.889366865158081}, "name": "Window_119_4_0"}, {"relative_position": {"y": -0.29592132568359375, "x": -0.08383941650390625, "z": -1.3739609718322754}, "name": "Window_119_4_1"}, {"relative_position": {"y": -0.191558837890625, "x": -0.5009841918945312, "z": -1.037834644317627}, "name": "Window_119_4_2"}, {"relative_position": {"y": 0.23360443115234375, "x": 0.17421722412109375, "z": -0.5399203300476074}, "name": "Window_119_4_3"}]}