{"chunks": [{"relative_position": {"y": -0.48361968994140625, "x": 3.708648681640625, "z": 1.6268463134765625}, "name": "Window_133_0"}, {"relative_position": {"y": 1.0433769226074219, "x": 3.18072509765625, "z": -3.332977294921875}, "name": "Window_133_1"}, {"relative_position": {"y": -0.02783203125, "x": -4.826629638671875, "z": -0.1194000244140625}, "name": "Window_133_2"}, {"relative_position": {"y": 1.3432159423828125, "x": -4.05828857421875, "z": -3.7281646728515625}, "name": "Window_133_3"}]}