{"chunks": [{"relative_position": {"y": 0.0181121826171875, "x": 0.4566535949707031, "z": -0.28342437744140625}, "name": "StairsStep_81_0"}, {"relative_position": {"y": 0.012054443359375, "x": 0.002246856689453125, "z": 1.568155288696289}, "name": "StairsStep_81_1"}, {"relative_position": {"y": 0.10861968994140625, "x": 0.057254791259765625, "z": -0.0014133453369140625}, "name": "StairsStep_81_2"}, {"relative_position": {"y": 0.012054443359375, "x": -0.010471343994140625, "z": -1.7061271667480469}, "name": "StairsStep_81_3"}]}