{"chunks": [{"relative_position": {"y": 0.6791954040527344, "x": 0.5646743774414062, "z": 0.024868011474609375}, "name": "Glass_104_0_0"}, {"relative_position": {"y": -1.2460289001464844, "x": 0.6488571166992188, "z": 0.00255584716796875}, "name": "Glass_104_0_1"}, {"relative_position": {"y": 0.378631591796875, "x": -1.1989669799804688, "z": 0.037624359130859375}, "name": "Glass_104_0_2"}, {"relative_position": {"y": 1.3135261535644531, "x": -0.291015625, "z": -0.02318572998046875}, "name": "Glass_104_0_3"}]}