{"chunks": [{"relative_position": {"y": 1.5997467041015625, "x": 0.018280029296875, "z": 1.4073290824890137}, "name": "Painting.005_0"}, {"relative_position": {"y": -1.5144176483154297, "x": -0.01825714111328125, "z": 1.0056571960449219}, "name": "Painting.005_1"}, {"relative_position": {"y": 1.7619152069091797, "x": -0.01825714111328125, "z": -0.6267852783203125}, "name": "Painting.005_2"}, {"relative_position": {"y": -1.3771724700927734, "x": 0.0182952880859375, "z": -1.067586898803711}, "name": "Painting.005_3"}]}