{"chunks": [{"relative_position": {"y": -0.9901981353759766, "x": 0.02520751953125, "z": 0.33267974853515625}, "name": "Glass_67_3_0"}, {"relative_position": {"y": 0.3592376708984375, "x": 0.00055694580078125, "z": -0.9556884765625}, "name": "Glass_67_3_1"}, {"relative_position": {"y": -0.1942119598388672, "x": -0.00489044189453125, "z": 1.7265472412109375}, "name": "Glass_67_3_2"}, {"relative_position": {"y": 0.5157718658447266, "x": 0.03833770751953125, "z": 1.3381423950195312}, "name": "Glass_67_3_3"}]}