{"chunks": [{"relative_position": {"y": 0.30396270751953125, "x": -0.04340362548828125, "z": 0.5693397521972656}, "name": "Window_2_15_0"}, {"relative_position": {"y": -0.9896011352539062, "x": 0.20325469970703125, "z": 0.12291336059570312}, "name": "Window_2_15_1"}, {"relative_position": {"y": 0.8032684326171875, "x": -0.16143798828125, "z": 0.09848785400390625}, "name": "Window_2_15_2"}, {"relative_position": {"y": 0.8555374145507812, "x": -0.14678955078125, "z": -0.5993537902832031}, "name": "Window_2_15_3"}]}