{"chunks": [{"relative_position": {"y": 0.6410064697265625, "x": -1.6109161376953125, "z": 0.0016994476318359375}, "name": "Window_6_0_0"}, {"relative_position": {"y": -0.37357330322265625, "x": -1.6742401123046875, "z": 0.028903961181640625}, "name": "Window_6_0_1"}, {"relative_position": {"y": -0.1521453857421875, "x": 1.53338623046875, "z": -0.022110939025878906}, "name": "Window_6_0_2"}, {"relative_position": {"y": 0.244415283203125, "x": 1.9535369873046875, "z": 0.018405914306640625}, "name": "Window_6_0_3"}]}