{"chunks": [{"relative_position": {"y": 0.0181121826171875, "x": -0.4730224609375, "z": -0.4167327880859375}, "name": "StairsStep_190_0"}, {"relative_position": {"y": -0.012065887451171875, "x": -1.792755126953125, "z": 0.03316497802734375}, "name": "StairsStep_190_1"}, {"relative_position": {"y": -0.012065887451171875, "x": 1.587615966796875, "z": 0.023365020751953125}, "name": "StairsStep_190_2"}, {"relative_position": {"y": 0.018131256103515625, "x": 0.141876220703125, "z": 0.4427986145019531}, "name": "StairsStep_190_3"}]}