{"chunks": [{"relative_position": {"z": -0.9423599243164062, "x": 0.0135955810546875, "y": -0.5281276702880859}, "name": "Barrier_11_0"}, {"relative_position": {"z": 0.9417743682861328, "x": -0.01360321044921875, "y": -0.5202751159667969}, "name": "Barrier_11_1"}, {"relative_position": {"z": 0.9258880615234375, "x": 0.0135955810546875, "y": 0.6587162017822266}, "name": "Barrier_11_2"}, {"relative_position": {"z": -0.9439449310302734, "x": -0.01360321044921875, "y": 0.6494293212890625}, "name": "Barrier_11_3"}]}