{"chunks": [{"relative_position": {"y": 0.038909912109375, "x": -0.3910636901855469, "z": -0.7400398254394531}, "name": "Glass_101_1_1_0"}, {"relative_position": {"y": -0.362274169921875, "x": -1.3270721435546875, "z": 0.6816864013671875}, "name": "Glass_101_1_1_1"}, {"relative_position": {"y": 0.30634307861328125, "x": 1.0998764038085938, "z": -0.6295890808105469}, "name": "Glass_101_1_1_2"}, {"relative_position": {"y": 0.11902618408203125, "x": -0.12264633178710938, "z": 0.3383026123046875}, "name": "Glass_101_1_1_3"}]}