{"chunks": [{"relative_position": {"y": 0.08039474487304688, "x": 0.53070068359375, "z": -1.3783798217773438}, "name": "Glass_101_3_0"}, {"relative_position": {"y": 1.4605331420898438, "x": -2.3703384399414062, "z": -3.8392105102539062}, "name": "Glass_101_3_1"}, {"relative_position": {"y": -0.47449493408203125, "x": 1.0786628723144531, "z": 0.3128166198730469}, "name": "Glass_101_3_2"}, {"relative_position": {"y": -1.8205108642578125, "x": 2.9735794067382812, "z": 4.636566162109375}, "name": "Glass_101_3_3"}]}