{"chunks": [{"relative_position": {"y": -1.4926681518554688, "x": 2.52203369140625, "z": 4.140924453735352}, "name": "Glass_101_3_3_0"}, {"relative_position": {"y": 0.5287513732910156, "x": -0.7228050231933594, "z": -1.9529533386230469}, "name": "Glass_101_3_3_1"}, {"relative_position": {"y": -1.508209228515625, "x": 2.502849578857422, "z": 4.259269714355469}, "name": "Glass_101_3_3_2"}, {"relative_position": {"y": 1.2100181579589844, "x": -2.0277023315429688, "z": -3.433746337890625}, "name": "Glass_101_3_3_3"}]}