{"chunks": [{"relative_position": {"y": -0.20550537109375, "x": 0.7529315948486328, "z": -1.6727943420410156}, "name": "Glass_101_1_3_0"}, {"relative_position": {"y": -0.28455352783203125, "x": -0.10644721984863281, "z": -2.187366485595703}, "name": "Glass_101_1_3_1"}, {"relative_position": {"y": 0.11651611328125, "x": 0.6799163818359375, "z": 1.4712886810302734}, "name": "Glass_101_1_3_2"}, {"relative_position": {"y": 0.25360107421875, "x": -0.18423080444335938, "z": 1.5189781188964844}, "name": "Glass_101_1_3_3"}]}