{"chunks": [{"relative_position": {"y": 0.9215545654296875, "x": 0.010894775390625, "z": -0.7670631408691406}, "name": "Window_9_2_0"}, {"relative_position": {"y": -1.047698974609375, "x": -0.028564453125, "z": -1.0441608428955078}, "name": "Window_9_2_1"}, {"relative_position": {"y": -1.5474014282226562, "x": 0.043426513671875, "z": -0.2238292694091797}, "name": "Window_9_2_2"}, {"relative_position": {"y": 0.43375396728515625, "x": -0.0021820068359375, "z": 1.0107460021972656}, "name": "Window_9_2_3"}]}