{"chunks": [{"relative_position": {"y": 0.0181121826171875, "x": 0.47209930419921875, "z": -0.5025367736816406}, "name": "StairsStep_128_0"}, {"relative_position": {"y": -0.00760650634765625, "x": -0.01065826416015625, "z": -2.1873207092285156}, "name": "StairsStep_128_1"}, {"relative_position": {"y": -0.00695037841796875, "x": -0.054821014404296875, "z": 1.5544357299804688}, "name": "StairsStep_128_2"}, {"relative_position": {"y": 0.09728240966796875, "x": -0.41323089599609375, "z": -1.6958847045898438}, "name": "StairsStep_128_3"}]}