{"chunks": [{"relative_position": {"z": -0.0135955810546875, "x": 0.8819122314453125, "y": 0.5322074890136719}, "name": "Barrier_72_0"}, {"relative_position": {"z": -0.01361846923828125, "x": -0.9783706665039062, "y": -0.8237056732177734}, "name": "Barrier_72_1"}, {"relative_position": {"z": 0.013580322265625, "x": 0.8866195678710938, "y": -0.6631946563720703}, "name": "Barrier_72_2"}, {"relative_position": {"z": 0.013580322265625, "x": -1.0171127319335938, "y": 0.3476066589355469}, "name": "Barrier_72_3"}]}