{"chunks": [{"relative_position": {"y": -0.5436744689941406, "x": 1.6258621215820312, "z": -0.0064544677734375}, "name": "Glass_5_6_0"}, {"relative_position": {"y": 0.10630035400390625, "x": -1.4328689575195312, "z": 0.005504608154296875}, "name": "Glass_5_6_1"}, {"relative_position": {"y": -0.43953704833984375, "x": 0.207000732421875, "z": 0.089874267578125}, "name": "Glass_5_6_2"}, {"relative_position": {"y": 0.9249038696289062, "x": -1.0510635375976562, "z": 0.0048370361328125}, "name": "Glass_5_6_3"}]}