{"chunks": [{"relative_position": {"y": -0.47640228271484375, "x": 0.40538787841796875, "z": -0.07868194580078125}, "name": "Glass_5_3_0"}, {"relative_position": {"y": -0.5199241638183594, "x": -1.1494064331054688, "z": 0.01312255859375}, "name": "Glass_5_3_1"}, {"relative_position": {"y": -0.4575843811035156, "x": 1.69610595703125, "z": 0.013427734375}, "name": "Glass_5_3_2"}, {"relative_position": {"y": 0.612335205078125, "x": -1.3067855834960938, "z": -0.010105133056640625}, "name": "Glass_5_3_3"}]}