{"chunks": [{"relative_position": {"y": 0.018115997314453125, "x": 0.42153167724609375, "z": -0.06774139404296875}, "name": "StairsStep_140_0"}, {"relative_position": {"y": -0.012058258056640625, "x": 0.00290679931640625, "z": -1.610626220703125}, "name": "StairsStep_140_1"}, {"relative_position": {"y": -0.012058258056640625, "x": 0.00763702392578125, "z": 1.6773147583007812}, "name": "StairsStep_140_2"}, {"relative_position": {"y": 0.018138885498046875, "x": -0.4168548583984375, "z": 0.17832183837890625}, "name": "StairsStep_140_3"}]}