{"chunks": [{"relative_position": {"y": -0.018115997314453125, "x": 0.2276630401611328, "z": 0.43430328369140625}, "name": "StairsStep_96_0"}, {"relative_position": {"y": -0.08405303955078125, "x": -0.22845840454101562, "z": -0.3483085632324219}, "name": "StairsStep_96_1"}, {"relative_position": {"y": 0.00627899169921875, "x": -1.64306640625, "z": -0.04021453857421875}, "name": "StairsStep_96_2"}, {"relative_position": {"y": 0.00627899169921875, "x": 1.6649360656738281, "z": -0.058502197265625}, "name": "StairsStep_96_3"}]}